Brand_Encoded,Model_Encoded,Condition_Encoded,location_Encoded,membershipLevel_Encoded,Storage_GB,Price_Cleaned
13,85,2,10,2,128.0,37990.0
16,85,2,21,0,96.0,19500.0
4,85,0,6,2,8.0,28500.0
2,85,2,5,0,256.0,26000.0
13,144,2,6,2,256.0,59000.0
1,97,2,18,2,128.0,89990.0
1,102,2,11,2,128.0,89990.0
16,113,2,3,0,96.0,37000.0
16,85,2,3,0,96.0,14000.0
12,85,2,11,0,128.0,15000.0
16,114,2,6,0,96.0,17500.0
10,85,2,6,1,128.0,18999.0
0,182,2,0,0,256.0,87000.0
18,85,0,4,2,2.0,19900.0
17,85,0,6,2,8.0,72990.0
7,85,2,11,1,256.0,55000.0
4,85,0,4,2,8.0,73990.0
16,113,2,6,0,96.0,29000.0
0,185,2,9,2,128.0,199999.0
13,148,2,21,2,128.0,31997.0
15,134,2,0,2,12.0,58500.0
16,85,2,0,0,96.0,19000.0
7,85,2,6,1,16.0,38500.0
16,120,2,3,0,96.0,29990.0
16,85,2,6,0,32.0,4500.0
7,85,2,11,1,16.0,69999.0
17,85,0,6,2,128.0,27750.0
13,142,2,6,2,128.0,41000.0
15,174,2,6,2,12.0,9900.0
7,85,2,10,0,16.0,165000.0
15,171,2,4,2,12.0,10500.0
6,0,0,6,0,12.0,3500.0
6,0,2,6,0,12.0,3000.0
17,85,2,21,0,8.0,45000.0
9,85,1,10,1,256.0,7000.0
17,30,2,6,0,128.0,16500.0
16,111,0,6,2,96.0,26000.0
16,85,2,6,0,96.0,26000.0
13,146,2,6,2,256.0,105000.0
12,85,2,12,0,128.0,23000.0
0,205,2,0,0,256.0,68000.0
0,175,2,6,2,128.0,74999.0
14,85,0,6,2,8.0,69990.0
17,85,2,21,0,8.0,40000.0
12,85,2,21,0,128.0,38000.0
12,63,0,11,2,256.0,89990.0
16,85,0,0,2,96.0,26600.0
16,121,0,10,2,96.0,92500.0
1,95,2,6,0,128.0,89000.0
7,85,1,10,0,16.0,29900.0
3,79,2,13,0,8.0,6500.0
14,132,2,18,0,8.0,15000.0
12,67,2,0,0,128.0,200000.0
4,127,2,6,0,8.0,16500.0
16,85,0,6,2,96.0,64000.0
15,171,2,6,0,12.0,18000.0
13,150,2,6,2,128.0,52000.0
3,85,2,6,1,8.0,26990.0
14,85,0,6,2,64.0,20500.0
0,85,2,11,0,128.0,55000.0
0,188,2,6,2,256.0,155500.0
13,85,2,10,2,64.0,24990.0
16,113,2,6,0,96.0,42000.0
0,202,2,11,0,256.0,20000.0
14,130,0,6,2,6.0,36990.0
14,108,2,21,0,8.0,16000.0
0,187,2,24,1,128.0,199999.0
0,179,2,18,2,256.0,99999.0
3,85,2,6,0,8.0,26500.0
1,133,0,10,2,128.0,2900.0
17,85,0,6,1,8.0,44900.0
7,85,2,11,1,12.0,79900.0
3,85,2,4,0,12.0,125000.0
15,85,2,6,2,16.0,269900.0
10,85,2,3,0,10.0,55000.0
13,143,2,6,2,256.0,49900.0
14,85,1,6,2,6.0,31980.0
15,171,2,0,0,12.0,10000.0
0,177,2,11,0,256.0,80000.0
0,187,2,10,0,256.0,190000.0
16,114,2,6,0,96.0,15000.0
11,85,1,4,2,96.0,20000.0
14,85,2,6,1,8.0,49990.0
10,34,2,6,0,10.0,9500.0
12,48,0,10,2,128.0,47900.0
6,9,0,10,2,12.0,5998.0
11,85,1,4,2,96.0,9490.0
16,85,2,3,0,8.0,47000.0
8,85,2,11,1,12.0,69900.0
10,85,2,3,0,256.0,81999.0
13,85,2,11,2,128.0,46000.0
0,183,2,6,2,128.0,125000.0
6,9,0,10,2,12.0,5999.0
14,85,0,6,2,128.0,31500.0
0,187,2,3,1,256.0,199900.0
7,85,2,0,0,16.0,41500.0
3,82,2,6,2,6.0,16990.0
6,85,0,4,2,12.0,6490.0
17,85,2,6,0,8.0,37500.0
6,33,2,6,0,12.0,4000.0
0,182,2,21,2,128.0,99497.0
16,123,2,6,0,96.0,50000.0
16,85,2,6,0,96.0,7500.0
2,85,2,21,0,256.0,52000.0
18,85,2,8,0,4.0,10000.0
12,85,2,3,0,32.0,13500.0
7,85,2,4,2,256.0,42500.0
0,190,2,3,0,256.0,242000.0
12,85,2,24,0,128.0,28000.0
12,85,0,24,1,64.0,31990.0
0,201,2,11,0,256.0,37000.0
10,85,2,0,0,10.0,78000.0
7,85,2,0,0,256.0,75000.0
12,85,2,11,1,256.0,122000.0
4,71,2,22,0,8.0,70000.0
16,85,2,21,0,12.0,22000.0
13,148,2,21,2,128.0,31999.0
10,85,2,6,0,32.0,12999.0
12,67,2,21,0,128.0,190000.0
0,197,2,11,0,128.0,16000.0
16,123,0,3,2,256.0,26600.0
16,85,0,6,0,8.0,35000.0
16,85,0,6,2,4.0,46990.0
6,85,2,6,0,12.0,5000.0
7,85,2,6,0,16.0,45000.0
7,85,1,9,0,16.0,14000.0
13,85,2,6,2,128.0,41000.0
1,95,0,10,1,128.0,117000.0
12,50,2,21,0,128.0,17000.0
15,85,2,9,0,4.0,21000.0
10,85,2,10,2,12.0,79900.0
12,85,2,21,0,4.0,20000.0
1,85,2,11,0,128.0,270000.0
3,85,2,3,0,4.0,18000.0
12,48,0,10,2,128.0,47900.0
6,85,2,8,0,12.0,7500.0
15,85,2,0,0,256.0,69000.0
0,175,2,14,0,256.0,69500.0
16,123,0,24,2,256.0,26600.0
0,178,2,6,0,256.0,76000.0
16,85,2,10,0,96.0,26500.0
16,85,0,6,2,8.0,52500.0
12,85,2,3,0,128.0,25000.0
4,77,0,10,1,8.0,75000.0
12,85,2,0,0,128.0,28000.0
0,180,2,18,0,256.0,120000.0
4,72,2,6,2,8.0,49900.0
15,85,2,6,2,6.0,29990.0
16,117,2,3,0,96.0,25000.0
4,85,0,4,2,2.0,24990.0
18,85,1,4,2,4.0,29500.0
7,8,0,4,2,12.0,172050.0
18,85,0,4,2,2.0,19898.0
11,85,1,6,0,96.0,4000.0
13,85,2,10,2,128.0,24990.0
6,85,0,4,2,6.0,39490.0
8,85,0,10,0,16.0,210000.0
0,85,2,18,0,256.0,35000.0
12,85,0,11,0,128.0,33000.0
16,123,0,0,2,256.0,26600.0
15,171,2,3,0,12.0,13500.0
15,85,2,4,2,8.0,11990.0
15,138,2,11,1,16.0,199990.0
0,190,2,0,0,256.0,210000.0
4,85,0,6,2,4.0,32990.0
3,79,2,2,0,8.0,16000.0
0,204,2,24,1,256.0,46000.0
8,85,2,3,0,8.0,29500.0
17,85,2,10,0,8.0,17500.0
1,103,2,21,2,256.0,127990.0
0,205,2,0,0,256.0,45000.0
13,148,2,21,2,128.0,32000.0
15,85,2,22,0,12.0,14000.0
15,85,2,6,0,12.0,8000.0
18,85,2,4,2,4.0,21000.0
8,85,2,4,2,8.0,35500.0
0,177,2,6,0,256.0,67000.0
12,85,1,21,0,128.0,25000.0
16,120,2,0,0,96.0,38000.0
2,85,0,3,2,12.0,47600.0
10,41,2,22,2,8.0,79500.0
0,204,2,10,2,64.0,44000.0
16,85,1,11,0,96.0,8500.0
17,207,0,21,0,8.0,27500.0
8,85,2,10,0,3.0,8950.0
0,190,2,3,0,256.0,239000.0
16,85,2,6,0,96.0,32000.0
8,85,0,10,2,4.0,32900.0
15,85,2,10,2,8.0,33500.0
10,85,2,6,1,8.0,41990.0
18,85,2,4,0,4.0,9500.0
16,85,2,6,2,8.0,24990.0
7,85,2,3,0,256.0,106000.0
15,138,2,6,2,16.0,269990.0
17,85,2,6,0,8.0,26500.0
15,85,2,11,0,12.0,17000.0
17,85,1,10,2,32.0,19500.0
7,85,0,4,2,12.0,174990.0
1,85,2,6,2,128.0,85000.0
14,85,0,6,2,8.0,69990.0
15,173,2,10,0,6.0,9990.0
3,169,2,10,0,8.0,16000.0
0,180,2,24,1,128.0,110000.0
10,85,2,8,0,10.0,44500.0
8,85,0,4,2,8.0,85490.0
1,85,2,0,0,128.0,79500.0
3,166,2,6,0,8.0,16000.0
3,85,2,4,2,4.0,28000.0
13,142,2,6,2,128.0,41000.0
18,85,2,10,0,4.0,23000.0
0,175,2,6,0,256.0,63000.0
10,37,2,10,0,10.0,30000.0
2,85,0,24,2,12.0,31850.0
15,85,2,6,2,16.0,269900.0
1,105,2,10,0,128.0,140000.0
12,53,2,24,0,128.0,42500.0
12,85,0,10,2,128.0,59900.0
15,137,2,0,2,12.0,113500.0
12,85,2,6,0,128.0,3500.0
8,85,2,6,2,256.0,40000.0
12,85,0,24,1,128.0,49990.0
16,85,2,6,0,96.0,85000.0
12,66,2,14,0,256.0,120000.0
15,85,2,4,2,4.0,10900.0
7,85,2,11,1,16.0,69999.0
12,85,0,6,0,128.0,199000.0
12,67,2,3,0,128.0,180000.0
15,85,2,0,0,512.0,105000.0
12,85,2,0,0,128.0,28000.0
16,85,2,4,2,128.0,56500.0
2,85,0,4,2,4.0,29990.0
13,85,2,6,2,128.0,41000.0
13,85,2,3,0,128.0,9000.0
10,85,2,11,1,256.0,72999.0
5,85,0,18,0,256.0,43000.0
0,182,2,10,0,256.0,110000.0
8,85,2,6,0,128.0,17500.0
16,85,2,3,0,96.0,27500.0
17,85,0,6,2,8.0,27999.0
4,72,0,6,2,8.0,55500.0
12,85,2,21,0,128.0,5000.0
8,19,2,6,0,8.0,19000.0
3,85,2,10,0,8.0,20000.0
16,117,0,10,1,128.0,28999.0
17,85,2,6,2,8.0,38990.0
1,92,2,11,0,128.0,48000.0
12,85,2,11,1,128.0,59900.0
0,190,2,10,1,256.0,225000.0
0,202,2,0,0,256.0,38000.0
1,85,2,6,2,12.0,119900.0
0,186,2,11,2,256.0,165500.0
8,85,0,4,2,64.0,32990.0
12,85,2,21,0,128.0,23000.0
12,85,0,0,2,128.0,7800.0
8,85,2,6,0,32.0,13000.0
6,11,0,10,2,12.0,7993.0
4,75,0,6,2,6.0,37250.0
0,193,2,10,2,256.0,278500.0
3,166,2,10,0,8.0,5000.0
16,85,2,4,2,96.0,41500.0
8,17,2,4,2,8.0,11990.0
15,85,2,0,0,6.0,9000.0
4,85,0,6,2,2.0,24990.0
1,101,2,21,0,128.0,105000.0
4,85,2,3,0,4.0,18000.0
1,105,2,4,2,128.0,145900.0
8,85,0,10,0,8.0,42000.0
6,85,0,4,2,12.0,11990.0
12,45,2,18,0,128.0,28000.0
1,92,2,21,2,128.0,47499.0
16,120,2,12,0,96.0,35000.0
4,85,2,22,0,8.0,19500.0
16,85,0,10,2,256.0,119900.0
6,85,1,6,1,12.0,4990.0
17,85,0,6,2,256.0,49500.0
0,85,2,6,1,128.0,162900.0
8,85,0,24,2,256.0,59450.0
3,168,2,10,0,8.0,6500.0
18,26,2,0,0,4.0,18000.0
12,65,0,18,2,256.0,114900.0
12,46,2,21,0,128.0,21000.0
7,8,0,4,2,12.0,172050.0
10,85,2,11,1,10.0,44999.0
1,97,2,10,2,128.0,89990.0
0,179,2,21,2,256.0,97500.0
0,180,2,6,2,256.0,125000.0
8,85,2,6,2,256.0,40000.0
15,85,2,10,0,256.0,14499.0
1,85,2,6,2,128.0,85000.0
10,85,2,3,0,10.0,31000.0
13,85,2,6,2,128.0,41000.0
12,85,2,11,2,256.0,84000.0
12,65,2,6,0,128.0,114500.0
6,0,0,4,2,12.0,6500.0
0,184,2,18,0,256.0,135000.0
16,85,2,20,0,12.0,59000.0
2,85,2,9,0,12.0,52500.0
14,108,2,6,0,8.0,10500.0
12,85,2,10,1,8.0,89999.0
1,85,2,21,0,128.0,56000.0
10,85,2,10,1,10.0,39000.0
3,85,2,10,0,8.0,18000.0
0,186,2,24,0,256.0,175000.0
12,85,2,6,2,12.0,195900.0
0,195,2,10,2,256.0,388500.0
18,85,2,4,2,4.0,21000.0
12,85,2,10,0,4.0,25000.0
3,85,2,4,0,256.0,52500.0
0,183,2,11,0,256.0,110000.0
12,68,2,6,2,256.0,240000.0
17,30,2,10,0,8.0,13000.0
8,85,1,6,2,4.0,32490.0
13,143,2,6,2,256.0,59000.0
8,85,0,11,1,512.0,295900.0
12,67,2,6,0,128.0,140000.0
0,196,2,11,0,256.0,13000.0
8,24,2,10,0,8.0,15000.0
18,21,0,4,2,8.0,22998.0
12,44,2,10,0,128.0,19000.0
7,85,2,4,2,16.0,48500.0
1,97,2,10,2,128.0,89990.0
3,85,1,10,0,8.0,9000.0
6,36,2,6,0,12.0,8500.0
12,85,2,24,0,128.0,16500.0
16,120,2,12,0,96.0,40000.0
0,175,2,3,0,256.0,40000.0
12,47,2,0,0,128.0,32000.0
1,89,2,4,2,256.0,58900.0
14,85,2,1,0,4.0,10000.0
3,85,2,6,0,8.0,32000.0
3,168,2,10,0,32.0,11250.0
12,85,2,12,0,8.0,56000.0
14,85,0,4,2,8.0,68990.0
7,85,2,6,2,4.0,132990.0
16,85,1,6,2,6.0,37900.0
8,85,2,4,0,4.0,13500.0
12,42,2,0,0,128.0,16500.0
1,96,2,6,2,12.0,89900.0
16,85,2,3,0,96.0,36000.0
10,85,2,4,2,64.0,21000.0
6,0,0,6,2,12.0,6200.0
9,85,2,17,0,96.0,30000.0
15,157,0,6,2,4.0,28500.0
1,85,2,11,2,128.0,59990.0
0,179,2,0,0,256.0,120000.0
8,27,2,10,0,8.0,28000.0
13,85,2,4,2,128.0,94900.0
0,175,2,21,0,256.0,53000.0
1,92,2,21,2,128.0,47900.0
15,171,2,10,0,12.0,12500.0
16,113,2,3,0,96.0,36000.0
10,85,2,6,0,10.0,40000.0
0,175,2,21,0,256.0,75000.0
15,161,2,21,0,12.0,8000.0
2,85,0,4,2,12.0,97990.0
14,85,0,4,2,4.0,39950.0
14,85,2,10,0,8.0,16500.0
12,85,2,10,0,6.0,35000.0
0,184,2,6,0,256.0,123500.0
12,85,2,6,2,6.0,39900.0
3,85,2,6,0,8.0,10000.0
4,125,2,10,0,64.0,19000.0
12,85,2,21,0,128.0,43000.0
0,175,2,3,0,128.0,69000.0
6,85,2,6,0,12.0,4000.0
12,85,2,0,0,8.0,120000.0
0,85,2,3,1,64.0,14000.0
4,85,2,6,0,128.0,14999.0
7,85,2,0,0,16.0,62000.0
8,85,2,6,0,8.0,4700.0
1,85,2,4,2,128.0,134990.0
15,85,0,24,2,12.0,56600.0
12,46,2,0,0,128.0,25000.0
8,85,0,4,2,12.0,139490.0
0,182,2,3,0,256.0,103000.0
16,85,2,6,2,512.0,149990.0
16,115,2,11,0,96.0,13500.0
12,85,2,6,0,128.0,34000.0
7,85,2,0,0,256.0,53900.0
12,85,2,11,0,128.0,39000.0
16,85,0,10,2,128.0,84900.0
0,183,2,10,2,256.0,134500.0
6,10,0,10,2,12.0,6990.0
7,85,2,3,0,256.0,81000.0
12,57,2,0,0,128.0,31000.0
12,85,0,24,1,256.0,99990.0
0,179,2,21,0,256.0,97500.0
12,85,2,10,2,128.0,54998.0
1,103,2,6,2,128.0,117500.0
8,85,2,9,2,8.0,14998.0
3,80,2,6,2,8.0,34990.0
14,85,0,6,2,8.0,65000.0
16,109,2,10,0,128.0,19000.0
0,188,2,10,2,128.0,154900.0
0,182,2,11,0,256.0,93000.0
0,198,2,6,0,128.0,21500.0
2,85,0,4,2,4.0,29990.0
8,85,2,4,2,6.0,9300.0
0,183,2,24,1,256.0,137000.0
1,85,2,13,1,128.0,265000.0
12,46,2,0,0,128.0,24500.0
0,178,2,12,0,256.0,60000.0
6,32,2,10,0,12.0,3500.0
11,85,1,5,0,96.0,9800.0
16,109,2,0,0,96.0,25000.0
4,85,2,11,0,4.0,25500.0
18,22,2,6,0,4.0,20000.0
4,85,2,4,2,4.0,19000.0
15,170,2,4,0,12.0,12500.0
6,36,2,11,0,12.0,10000.0
8,23,2,21,0,64.0,17000.0
12,85,2,10,0,128.0,27500.0
0,190,2,4,2,256.0,234000.0
1,85,2,4,0,128.0,171000.0
1,85,2,6,2,128.0,65000.0
6,85,2,17,0,12.0,4500.0
1,91,2,6,0,128.0,72000.0
12,85,2,3,0,128.0,46000.0
16,115,2,11,0,96.0,16000.0
1,87,2,6,2,128.0,45000.0
12,85,2,0,1,256.0,86500.0
1,85,2,6,2,128.0,59000.0
7,85,2,9,0,16.0,45000.0
14,85,0,4,2,8.0,72990.0
12,85,2,10,2,128.0,99990.0
16,85,0,0,2,96.0,20600.0
12,50,2,21,0,128.0,20000.0
0,200,2,10,0,256.0,30000.0
3,85,2,3,0,8.0,90000.0
16,85,2,11,0,96.0,50000.0
8,16,2,9,2,8.0,14995.0
0,204,2,11,0,256.0,55000.0
17,29,2,6,0,8.0,27000.0
6,85,2,4,0,3.0,5000.0
15,162,2,3,0,12.0,17500.0
1,88,0,10,2,128.0,58000.0
18,85,0,6,2,2.0,21990.0
7,85,2,6,0,16.0,39500.0
0,186,2,10,0,256.0,150000.0
4,74,0,10,1,8.0,39000.0
12,85,2,10,0,128.0,22500.0
4,127,2,6,0,8.0,21000.0
3,85,2,21,0,8.0,12000.0
10,85,2,6,0,4.0,18000.0
3,85,2,10,0,8.0,17500.0
10,85,0,4,2,6.0,38490.0
0,183,2,21,2,256.0,136502.0
1,103,2,21,2,128.0,110000.0
7,8,0,4,2,12.0,155990.0
16,85,2,21,0,96.0,32000.0
1,85,2,24,1,128.0,72000.0
12,85,2,10,0,128.0,55500.0
16,85,2,4,0,6.0,23500.0
16,85,2,10,2,128.0,39900.0
0,182,2,11,0,128.0,88500.0
8,85,2,3,1,128.0,68000.0
4,70,2,10,0,8.0,33000.0
16,121,0,10,2,96.0,92500.0
1,103,2,10,0,128.0,130000.0
8,85,2,6,2,12.0,32990.0
0,175,2,6,2,128.0,69999.0
1,101,2,21,2,128.0,87900.0
0,184,2,6,2,128.0,164999.0
1,93,2,6,2,128.0,62500.0
12,85,2,11,0,12.0,186500.0
14,85,2,6,2,8.0,33990.0
12,85,0,24,1,256.0,160000.0
16,85,2,0,0,6.0,18000.0
0,179,2,0,0,256.0,108000.0
15,163,2,11,0,12.0,37000.0
0,193,2,6,2,256.0,289900.0
13,149,2,10,2,128.0,39990.0
8,85,2,6,0,8.0,13000.0
16,120,2,21,0,96.0,39000.0
1,100,2,21,2,128.0,56000.0
12,63,0,11,2,256.0,89990.0
18,20,2,4,0,4.0,16000.0
15,85,2,6,2,16.0,269900.0
12,85,2,10,2,256.0,104990.0
15,163,2,3,0,12.0,48000.0
3,167,2,13,0,8.0,12500.0
0,187,0,24,1,256.0,245000.0
13,149,2,10,2,128.0,39990.0
0,85,2,3,0,512.0,76500.0
12,85,2,10,0,128.0,10000.0
16,110,2,10,0,96.0,25000.0
17,23,2,6,0,8.0,12000.0
16,85,2,18,0,96.0,39000.0
3,85,1,3,0,8.0,6000.0
12,85,2,21,0,128.0,55000.0
0,195,0,10,2,1024.0,518500.0
6,85,2,10,0,12.0,2000.0
7,85,2,6,2,256.0,48000.0
1,86,2,11,0,128.0,26000.0
0,204,2,0,0,256.0,39000.0
16,85,2,0,0,96.0,16000.0
1,95,2,21,2,128.0,85996.0
0,190,2,18,0,256.0,225000.0
17,85,1,6,2,2.0,23990.0
10,4,2,3,0,10.0,43000.0
3,85,2,6,0,64.0,10000.0
16,117,2,3,0,96.0,25000.0
0,175,2,0,0,256.0,55000.0
13,148,2,21,2,128.0,32000.0
15,138,2,3,0,16.0,218000.0
12,85,2,10,2,128.0,99999.0
1,93,0,10,1,128.0,99999.0
14,85,0,6,1,8.0,38500.0
1,104,2,10,2,128.0,124990.0
16,85,2,3,0,96.0,2500.0
13,85,2,6,2,256.0,105000.0
16,123,2,3,0,96.0,48000.0
6,85,1,6,1,12.0,8490.0
16,85,2,10,0,8.0,17500.0
3,85,2,11,0,8.0,30500.0
16,85,0,6,2,128.0,35999.0
12,85,2,10,0,128.0,55000.0
9,85,2,11,0,96.0,7000.0
10,85,2,3,2,8.0,54500.0
0,202,2,21,0,256.0,35000.0
3,169,2,6,0,8.0,12500.0
0,188,0,24,1,128.0,194990.0
0,176,2,10,0,256.0,69000.0
12,85,2,6,2,8.0,49900.0
3,85,2,6,0,8.0,13950.0
16,85,2,11,0,96.0,22000.0
4,125,2,3,0,8.0,21000.0
12,85,2,14,0,128.0,20000.0
2,140,2,20,0,128.0,28500.0
8,85,2,3,0,12.0,55000.0
11,85,1,4,2,96.0,9490.0
15,157,0,6,2,4.0,33990.0
13,85,2,4,2,12.0,114990.0
16,122,2,3,0,96.0,45500.0
13,154,2,6,0,64.0,10999.0
16,85,2,6,0,96.0,40000.0
7,85,2,4,2,12.0,42500.0
14,85,2,1,0,4.0,8000.0
1,85,2,4,2,12.0,88990.0
13,85,2,21,0,128.0,6500.0
14,85,0,4,2,8.0,64990.0
1,103,2,0,0,128.0,115000.0
0,187,2,24,1,256.0,179999.0
14,85,0,6,2,4.0,28500.0
1,101,2,21,2,128.0,87997.0
18,85,0,6,2,8.0,19780.0
0,205,2,11,0,512.0,45000.0
13,148,2,21,2,128.0,31998.0
10,36,2,3,0,10.0,13750.0
10,85,2,21,0,10.0,40000.0
12,85,2,10,0,128.0,47500.0
15,85,2,11,0,12.0,29500.0
16,119,2,10,0,96.0,30000.0
15,85,2,3,0,8.0,53000.0
10,85,2,5,0,10.0,28000.0
6,85,1,6,1,12.0,7990.0
1,104,2,10,2,128.0,119990.0
15,85,2,6,0,12.0,17000.0
9,85,1,6,2,96.0,6990.0
17,85,0,6,2,8.0,64750.0
16,106,2,4,0,96.0,11000.0
10,37,2,3,0,10.0,18000.0
0,190,2,0,0,256.0,225000.0
3,169,2,10,0,8.0,15000.0
10,85,2,14,0,10.0,40000.0
12,85,0,11,1,8.0,65990.0
8,14,2,0,0,8.0,10500.0
15,85,2,0,0,256.0,55000.0
3,165,2,6,0,8.0,4500.0
12,85,2,21,0,128.0,40000.0
12,85,2,10,0,128.0,11000.0
1,95,2,4,2,128.0,85900.0
13,85,2,6,2,128.0,52000.0
14,85,2,13,0,8.0,18000.0
15,85,2,3,0,12.0,11500.0
12,85,2,11,1,8.0,75000.0
0,184,2,21,2,256.0,149500.0
14,128,2,11,0,8.0,28000.0
16,85,2,10,0,96.0,36000.0
8,85,0,6,2,4.0,32990.0
4,75,2,6,2,6.0,27990.0
0,182,2,6,2,256.0,100000.0
1,101,2,21,2,128.0,89898.0
2,85,0,4,2,12.0,36800.0
17,85,1,6,2,2.0,19890.0
13,85,2,4,2,8.0,31990.0
10,85,2,11,1,256.0,79900.0
4,85,0,4,2,4.0,23490.0
3,82,2,6,2,6.0,17990.0
0,179,2,21,0,256.0,88000.0
14,85,2,6,2,8.0,28990.0
13,85,2,10,0,128.0,53000.0
1,94,2,10,2,128.0,69990.0
1,85,0,4,2,16.0,253990.0
14,38,0,6,2,8.0,67999.0
7,85,2,3,0,16.0,30000.0
16,85,2,22,2,256.0,58500.0
12,85,2,11,0,128.0,29000.0
17,85,2,10,0,8.0,46000.0
8,85,2,6,2,4.0,19990.0
13,148,2,21,2,128.0,31900.0
12,85,2,3,0,256.0,85000.0
4,85,0,4,2,4.0,36490.0
6,85,0,6,2,128.0,36990.0
10,85,2,21,0,10.0,43000.0
0,178,2,6,2,256.0,75500.0
18,85,0,16,0,4.0,19900.0
3,164,2,11,0,8.0,7000.0
18,26,2,6,0,4.0,12500.0
16,113,2,10,0,96.0,36000.0
1,88,0,10,2,128.0,60000.0
16,85,0,6,2,6.0,37990.0
0,205,2,10,2,64.0,69900.0
12,63,2,0,0,128.0,70000.0
6,85,0,4,2,12.0,11990.0
16,85,0,10,1,96.0,81500.0
12,48,0,6,2,4.0,33999.0
12,85,0,18,0,128.0,105000.0
0,189,2,21,0,256.0,230000.0
16,85,2,6,2,8.0,24990.0
10,34,2,3,0,10.0,12000.0
12,64,2,18,0,128.0,115000.0
14,129,0,6,2,6.0,31500.0
7,85,2,11,0,16.0,49000.0
12,85,2,0,0,128.0,45000.0
4,71,2,6,0,8.0,59500.0
10,85,2,6,0,10.0,32000.0
12,85,2,0,0,128.0,54999.0
16,85,0,6,2,256.0,92500.0
12,85,2,6,2,256.0,75000.0
15,85,2,6,1,6.0,22999.0
3,81,2,6,0,8.0,28000.0
7,85,2,18,0,16.0,35000.0
1,85,2,6,1,12.0,70900.0
1,87,2,11,2,128.0,40000.0
12,68,2,6,0,128.0,250000.0
13,85,2,4,2,4.0,23990.0
7,85,0,3,0,16.0,32000.0
13,141,2,10,0,128.0,15000.0
12,61,2,6,0,128.0,9500.0
2,85,0,4,1,512.0,62990.0
8,85,0,10,0,512.0,345000.0
1,103,2,21,2,128.0,112000.0
6,1,2,10,0,12.0,2700.0
13,150,2,10,0,128.0,26500.0
1,97,2,10,2,128.0,89996.0
0,188,2,14,0,256.0,175000.0
6,85,0,6,2,128.0,36975.0
15,85,2,9,2,8.0,13997.0
0,201,2,18,0,64.0,31000.0
17,29,2,10,0,8.0,18000.0
14,39,0,6,2,8.0,74999.0
16,120,2,3,1,256.0,33000.0
3,85,2,10,0,8.0,12500.0
1,95,2,21,2,128.0,84999.0
13,85,2,6,2,128.0,41000.0
14,85,0,6,2,256.0,69990.0
3,165,2,10,0,8.0,5000.0
15,163,2,0,0,12.0,35000.0
0,186,2,21,2,256.0,174997.0
10,35,2,21,0,10.0,19500.0
1,100,2,21,2,128.0,55999.0
12,69,2,11,2,64.0,40000.0
13,147,2,6,2,256.0,105000.0
12,85,2,3,0,128.0,31000.0
4,85,0,4,2,2.0,21490.0
12,60,2,21,0,128.0,11000.0
4,85,2,24,1,128.0,33500.0
3,85,2,21,0,8.0,15000.0
14,85,0,4,2,4.0,31980.0
8,85,2,6,0,8.0,6000.0
9,85,2,10,2,256.0,63500.0
0,198,2,21,0,128.0,23500.0
0,175,2,10,2,128.0,65000.0
14,85,2,10,0,8.0,17000.0
10,85,0,3,0,10.0,55000.0
0,175,2,6,0,128.0,62000.0
12,85,2,0,0,128.0,29000.0
12,55,0,12,0,128.0,19500.0
9,85,1,11,0,96.0,5000.0
0,181,2,24,0,256.0,59999.0
8,12,2,13,0,8.0,14000.0
0,182,2,21,0,128.0,82000.0
14,85,2,10,0,4.0,12300.0
3,85,2,6,0,8.0,13000.0
13,85,2,10,2,4.0,24990.0
12,63,2,11,1,256.0,76900.0
3,81,2,3,0,8.0,20000.0
14,39,2,4,0,8.0,55000.0
12,85,2,18,0,128.0,95000.0
15,85,2,3,0,12.0,72500.0
0,187,2,10,2,256.0,194900.0
13,85,2,6,2,256.0,105000.0
2,85,2,6,2,6.0,30990.0
9,85,2,10,0,96.0,6500.0
14,85,2,6,2,8.0,33990.0
16,85,2,3,0,96.0,22000.0
1,97,2,10,0,128.0,100000.0
6,85,0,6,2,12.0,5900.0
16,85,2,11,0,96.0,19500.0
1,105,0,4,2,128.0,155890.0
0,182,2,10,0,256.0,94000.0
1,103,2,21,2,256.0,127998.0
13,85,2,4,2,4.0,18990.0
4,85,0,4,2,8.0,71990.0
12,85,0,24,1,256.0,59990.0
13,155,2,21,2,64.0,26000.0
12,47,2,18,0,128.0,25000.0
13,146,2,6,2,256.0,105000.0
3,85,2,11,0,8.0,5000.0
0,193,2,14,0,256.0,53000.0
1,103,2,21,2,256.0,127999.0
0,195,0,24,1,256.0,444990.0
1,85,2,6,2,128.0,72500.0
13,150,2,6,0,64.0,22000.0
17,85,0,4,1,128.0,33300.0
12,85,2,10,2,128.0,99990.0
9,85,1,6,2,96.0,9500.0
12,57,2,10,0,128.0,35000.0
5,85,2,6,1,256.0,21990.0
12,85,2,3,0,128.0,45000.0
14,85,2,2,0,4.0,8000.0
16,85,0,6,2,8.0,52500.0
16,85,2,10,0,96.0,8000.0
12,45,2,24,0,128.0,25000.0
12,85,2,10,2,128.0,64998.0
1,102,2,6,2,128.0,89000.0
7,85,2,6,0,16.0,55000.0
3,165,2,6,0,8.0,7000.0
16,85,2,22,0,96.0,38000.0
10,85,2,4,0,10.0,22500.0
8,85,2,3,0,8.0,33300.0
15,85,2,4,2,6.0,10500.0
3,85,2,5,0,8.0,25000.0
6,85,0,10,2,12.0,6990.0
3,85,2,6,0,8.0,10500.0
0,203,2,24,0,256.0,38000.0
6,10,0,10,2,12.0,5991.0
2,85,0,6,0,12.0,30000.0
1,101,2,21,2,128.0,88000.0
13,85,2,13,0,128.0,80000.0
12,66,2,10,0,128.0,144500.0
13,153,2,10,2,128.0,23999.0
10,85,2,4,2,256.0,58500.0
0,85,2,11,0,256.0,46900.0
3,85,2,10,0,8.0,14900.0
9,85,2,0,0,256.0,43500.0
13,153,2,10,2,128.0,24998.0
10,85,2,3,0,10.0,38000.0
18,85,2,4,2,4.0,21000.0
12,85,0,10,2,256.0,167900.0
6,85,2,13,0,12.0,10000.0
4,85,2,6,2,4.0,22990.0
16,122,2,0,0,96.0,38000.0
0,185,2,21,0,128.0,120000.0
6,85,2,6,0,12.0,1900.0
0,190,2,3,0,256.0,229000.0
0,175,2,3,0,256.0,55000.0
16,111,2,0,0,96.0,29999.0
12,85,2,21,0,128.0,37500.0
16,85,2,6,0,96.0,49000.0
8,85,2,4,2,8.0,11990.0
8,85,2,11,1,8.0,89999.0
0,177,2,6,1,256.0,72000.0
0,204,2,3,0,256.0,56000.0
16,85,2,6,0,4.0,17500.0
4,85,2,9,0,8.0,66000.0
16,115,2,21,0,96.0,13000.0
0,85,2,11,0,256.0,125000.0
0,190,2,0,0,256.0,228000.0
3,79,2,6,0,128.0,11500.0
16,85,2,0,0,4.0,12000.0
10,85,2,4,2,256.0,58500.0
0,200,2,21,0,64.0,28500.0
4,85,2,11,1,8.0,49999.0
15,85,2,0,0,12.0,40999.0
10,34,2,6,0,10.0,19000.0
7,85,0,4,2,12.0,165000.0
15,171,2,4,2,12.0,10500.0
12,46,2,11,0,128.0,25000.0
3,169,2,10,0,8.0,24999.0
15,163,0,4,2,12.0,59999.0
14,39,2,6,0,8.0,65000.0
0,204,2,3,0,256.0,45000.0
16,117,2,3,0,96.0,25000.0
0,200,2,6,2,256.0,37500.0
7,85,2,3,0,256.0,102000.0
0,180,2,3,0,256.0,67000.0
16,113,2,3,0,96.0,37000.0
12,44,2,21,0,64.0,16000.0
3,85,2,4,1,6.0,20490.0
1,95,2,10,2,128.0,85900.0
16,85,2,21,0,96.0,29000.0
13,85,2,4,2,12.0,49990.0
4,75,0,6,2,6.0,37250.0
0,204,2,24,1,256.0,55000.0
14,129,0,6,2,6.0,31900.0
17,85,2,6,0,8.0,24000.0
12,42,2,21,0,128.0,18000.0
16,113,2,3,0,96.0,38000.0
3,85,2,6,2,8.0,14000.0
1,101,2,21,2,128.0,87950.0
16,85,2,3,1,128.0,26000.0
16,117,2,10,0,96.0,27000.0
3,169,2,15,0,8.0,21500.0
6,0,2,6,0,12.0,1500.0
15,171,0,6,0,12.0,15000.0
15,85,2,10,0,128.0,17500.0
10,85,2,6,0,4.0,21000.0
16,85,2,0,0,8.0,35500.0
10,85,2,6,2,128.0,29000.0
6,0,2,10,0,12.0,1500.0
12,56,0,10,2,128.0,76900.0
10,85,0,6,2,8.0,48990.0
8,85,2,6,0,8.0,38000.0
17,29,2,17,0,8.0,17500.0
6,85,2,6,0,12.0,3200.0
0,187,2,11,0,256.0,150000.0
16,85,0,10,1,96.0,67000.0
6,0,0,11,1,12.0,2990.0
13,153,2,10,2,128.0,24990.0
12,59,2,10,0,128.0,7500.0
14,85,2,6,1,256.0,52990.0
1,100,2,21,2,128.0,55995.0
3,85,2,6,0,6.0,12000.0
12,66,2,6,0,128.0,180000.0
1,103,2,21,2,256.0,112000.0
0,183,2,10,2,256.0,125000.0
17,85,0,6,1,8.0,19100.0
17,85,0,4,2,8.0,31799.0
0,176,2,11,2,256.0,76000.0
16,113,2,3,0,96.0,30000.0
16,5,2,3,0,96.0,28000.0
0,203,2,18,0,128.0,42000.0
7,2,2,4,1,16.0,59500.0
1,95,2,21,2,128.0,84990.0
17,29,2,10,0,8.0,16000.0
6,85,0,4,1,12.0,3000.0
1,85,2,11,2,128.0,94990.0
12,85,0,0,2,128.0,7800.0
15,160,2,4,2,8.0,11990.0
12,85,2,21,0,128.0,70000.0
6,85,0,6,2,128.0,36990.0
6,0,0,6,0,12.0,2750.0
12,67,2,3,0,128.0,158000.0
12,85,2,0,0,128.0,43500.0
0,182,0,10,2,128.0,159000.0
1,133,0,10,2,128.0,2900.0
1,93,2,4,2,128.0,62000.0
13,85,2,10,2,128.0,39998.0
0,195,2,24,1,256.0,419999.0
12,85,2,3,0,128.0,52000.0
4,85,0,4,2,8.0,73990.0
16,85,2,20,0,256.0,60000.0
1,85,2,10,1,128.0,90000.0
16,85,0,10,1,96.0,70000.0
12,85,2,6,2,8.0,99900.0
4,76,2,6,2,8.0,61990.0
8,16,2,6,0,8.0,14990.0
12,85,2,3,0,128.0,14000.0
0,85,2,21,2,128.0,176999.0
6,85,2,6,2,4.0,16990.0
2,85,0,4,2,12.0,535990.0
13,148,2,21,2,128.0,31995.0
16,113,2,6,0,96.0,35000.0
12,85,2,3,1,64.0,10000.0
14,85,0,4,2,8.0,63999.0
15,137,2,14,2,12.0,104500.0
12,85,2,11,1,12.0,139900.0
14,132,2,10,0,8.0,15000.0
7,6,2,6,2,16.0,179900.0
12,85,2,21,0,128.0,20000.0
12,85,2,6,0,32.0,3500.0
12,42,2,21,0,128.0,14500.0
12,85,0,24,1,256.0,82990.0
4,85,0,4,2,256.0,74799.0
0,176,2,0,0,256.0,88000.0
1,85,2,6,2,12.0,99900.0
7,85,2,4,2,16.0,48500.0
15,134,2,3,2,12.0,58500.0
1,97,2,10,2,128.0,89990.0
10,85,2,6,2,4.0,22990.0
16,85,0,4,2,512.0,310900.0
1,103,2,6,2,128.0,117500.0
4,85,0,4,2,6.0,39990.0
16,85,2,3,0,128.0,33000.0
16,113,2,6,0,96.0,29000.0
0,198,2,0,0,256.0,27000.0
0,187,2,14,0,256.0,140000.0
0,183,2,10,2,128.0,134900.0
7,7,2,3,0,12.0,104000.0
6,85,0,4,2,128.0,39490.0
12,85,2,10,0,128.0,36500.0
8,25,2,11,0,8.0,23000.0
2,85,2,4,2,12.0,359900.0
0,85,2,3,0,256.0,125000.0
0,193,2,14,0,256.0,306000.0
1,103,2,6,0,128.0,99000.0
6,1,2,21,0,12.0,5000.0
13,144,2,6,2,256.0,59000.0
2,85,0,4,2,6.0,59490.0
12,51,2,21,0,128.0,30000.0
0,205,2,18,0,256.0,59000.0
12,60,2,11,0,128.0,15500.0
14,85,2,5,2,8.0,23000.0
12,85,2,11,2,128.0,47000.0
4,71,2,21,0,8.0,47000.0
6,9,0,10,2,12.0,6995.0
10,4,2,1,0,10.0,45000.0
14,131,2,21,0,8.0,17000.0
2,85,0,0,2,12.0,59999.0
7,85,0,4,2,12.0,169900.0
6,85,2,18,0,12.0,21000.0
16,85,2,6,2,8.0,29990.0
16,85,2,13,0,96.0,18000.0
6,1,0,10,2,12.0,6500.0
0,179,2,10,0,256.0,69500.0
6,85,1,6,2,12.0,43700.0
16,115,2,21,0,96.0,13000.0
0,204,2,10,0,64.0,42000.0
1,85,2,6,2,128.0,85000.0
12,66,2,0,0,128.0,135000.0
12,85,2,3,0,128.0,24000.0
0,193,2,18,0,256.0,294000.0
16,85,2,10,0,96.0,25000.0
16,85,2,0,0,96.0,22000.0
0,186,2,24,0,128.0,165000.0
0,182,2,24,0,256.0,75000.0
15,171,2,11,0,12.0,14000.0
17,85,2,6,0,8.0,22000.0
8,85,2,10,0,4.0,10500.0
12,85,0,6,2,6.0,41990.0
10,85,2,4,2,4.0,22000.0
17,85,2,4,0,8.0,9900.0
8,85,2,4,2,8.0,47000.0
1,103,2,21,2,256.0,127999.0
16,85,2,3,0,96.0,28500.0
1,101,2,21,2,128.0,87998.0
0,204,2,3,0,256.0,40500.0
18,26,2,4,0,4.0,10500.0
15,85,2,10,0,12.0,7500.0
12,85,2,18,2,128.0,99990.0
13,85,2,21,0,128.0,15000.0
0,190,2,11,1,256.0,215000.0
16,85,1,21,0,96.0,5250.0
0,187,2,10,0,256.0,200000.0
16,85,2,6,0,96.0,15000.0
11,85,1,4,2,96.0,9490.0
16,111,2,24,0,96.0,28000.0
8,85,2,3,0,8.0,53000.0
6,0,0,6,0,12.0,3400.0
14,85,2,1,0,8.0,52000.0
14,85,2,6,2,8.0,54990.0
1,85,2,6,2,16.0,199900.0
7,85,2,24,0,16.0,65000.0
13,85,2,4,2,128.0,36990.0
15,85,2,21,0,256.0,17900.0
10,85,2,6,0,6.0,19000.0
4,71,0,10,0,8.0,64999.0
16,85,2,10,0,96.0,21000.0
12,51,2,21,0,128.0,45000.0
7,85,2,11,1,12.0,114990.0
8,15,2,18,0,8.0,13000.0
15,85,2,6,2,8.0,34990.0
16,116,2,3,0,96.0,25000.0
8,14,2,6,0,8.0,5499.0
8,85,2,6,0,8.0,26000.0
6,10,0,10,2,12.0,6490.0
3,85,2,6,0,8.0,27500.0
12,60,2,11,0,128.0,13000.0
8,17,2,4,2,8.0,11990.0
7,85,2,0,0,256.0,89500.0
0,197,2,24,0,128.0,15999.0
15,172,2,4,2,6.0,9300.0
12,85,2,3,0,12.0,180000.0
0,189,2,10,2,256.0,224900.0
17,29,2,9,0,8.0,16000.0
16,113,2,3,0,96.0,36000.0
13,85,2,4,2,256.0,57900.0
2,85,1,3,0,12.0,58000.0
7,85,2,11,1,256.0,69900.0
18,85,2,4,2,8.0,22999.0
0,85,2,3,0,256.0,78000.0
4,85,0,4,2,4.0,23990.0
17,85,2,21,0,8.0,43000.0
17,85,2,6,2,8.0,39990.0
15,85,2,5,2,256.0,43500.0
1,105,2,10,0,128.0,128000.0
8,85,2,3,0,8.0,46999.0
12,85,2,10,1,8.0,96999.0
10,36,2,6,0,64.0,10990.0
15,157,0,6,2,4.0,28500.0
12,85,2,3,0,32.0,11900.0
15,157,2,6,1,4.0,24990.0
8,85,2,11,1,8.0,64999.0
13,148,2,4,2,128.0,38080.0
12,85,2,11,0,128.0,32000.0
0,185,2,10,2,128.0,119000.0
17,85,0,4,2,2.0,22990.0
1,85,2,11,0,128.0,65000.0
18,85,2,4,2,8.0,23998.0
15,172,2,4,2,6.0,9300.0
6,32,0,11,0,12.0,4500.0
15,158,2,21,0,12.0,25000.0
16,109,2,0,0,96.0,32000.0
4,75,0,6,2,6.0,37250.0
4,75,2,6,0,6.0,29000.0
15,161,2,6,0,12.0,12000.0
1,85,0,6,0,128.0,45000.0
16,85,0,6,2,96.0,310900.0
1,87,0,10,2,64.0,46000.0
2,85,2,9,0,12.0,155000.0
4,85,2,4,1,8.0,38490.0
16,85,0,14,2,96.0,310900.0
16,85,2,4,2,96.0,56500.0
6,85,1,6,1,12.0,4990.0
12,85,2,11,2,256.0,108000.0
0,190,2,10,1,256.0,235000.0
10,85,2,3,0,10.0,7000.0
0,180,2,6,2,256.0,134999.0
13,153,2,10,2,128.0,24998.0
1,85,2,10,2,128.0,119999.0
4,70,2,6,0,8.0,53000.0
6,85,0,8,0,12.0,4500.0
4,85,0,6,0,12.0,35000.0
1,100,2,21,2,128.0,55990.0
0,183,2,24,1,256.0,148000.0
0,180,2,18,0,256.0,128000.0
2,85,2,4,2,512.0,208500.0
15,85,2,6,0,2.0,10000.0
8,85,2,4,2,6.0,25000.0
0,183,2,11,0,256.0,125000.0
4,85,2,4,2,4.0,23000.0
6,0,2,4,0,12.0,2200.0
3,85,2,6,0,8.0,17000.0
0,202,2,0,0,256.0,58000.0
0,182,2,10,0,256.0,98000.0
16,85,2,6,0,96.0,23000.0
3,83,2,11,0,128.0,34000.0
1,85,1,10,2,128.0,2990.0
6,85,1,6,1,12.0,6490.0
8,16,2,4,2,8.0,13950.0
7,85,0,4,2,12.0,139990.0
13,150,2,10,2,64.0,35000.0
10,85,2,6,0,10.0,26500.0
0,193,2,21,2,256.0,299500.0
12,42,2,10,0,128.0,12000.0
16,112,2,10,0,96.0,25000.0
8,25,2,12,0,8.0,38000.0
8,25,0,6,1,4.0,33600.0
1,89,2,10,0,128.0,57000.0
13,85,2,10,0,4.0,23500.0
10,85,2,6,2,128.0,48000.0
0,177,2,0,0,256.0,75000.0
16,85,2,6,2,12.0,139990.0
12,65,0,18,2,128.0,114900.0
1,103,2,21,2,128.0,112000.0
17,85,1,6,2,4.0,28990.0
0,183,2,24,0,256.0,145000.0
16,117,2,11,0,96.0,17000.0
15,85,2,6,2,128.0,9900.0
8,23,2,21,0,64.0,12000.0
4,78,0,6,2,8.0,73500.0
4,125,2,2,0,8.0,19000.0
1,93,2,6,2,128.0,62500.0
4,72,0,6,2,8.0,55500.0
4,85,0,4,2,256.0,59900.0
1,85,0,4,2,16.0,282990.0
8,85,2,4,2,8.0,26999.0
6,0,2,21,0,12.0,5000.0
8,85,2,11,1,8.0,49999.0
15,139,0,6,2,16.0,459900.0
1,101,2,21,2,128.0,87999.0
8,85,2,6,0,8.0,16000.0
8,23,2,10,0,8.0,18000.0
13,148,2,21,2,128.0,32499.0
17,85,2,4,0,8.0,30000.0
16,117,2,21,0,96.0,20000.0
0,182,0,24,1,128.0,164990.0
14,130,0,4,2,6.0,38670.0
10,85,2,6,2,12.0,55990.0
16,124,2,0,0,256.0,38000.0
4,71,0,10,1,8.0,73000.0
7,85,0,4,2,12.0,239990.0
16,85,2,0,0,96.0,45000.0
8,85,2,6,2,3.0,19990.0
13,154,2,1,0,128.0,20000.0
6,0,2,6,0,12.0,2600.0
12,85,2,21,0,128.0,104000.0
0,176,2,12,0,256.0,70000.0
12,58,2,11,0,128.0,70000.0
0,183,2,21,2,256.0,136498.0
12,50,2,3,0,128.0,14500.0
0,183,2,12,0,256.0,120000.0
0,85,2,12,0,256.0,60000.0
3,169,2,4,0,8.0,17000.0
16,112,0,3,0,96.0,56000.0
16,113,2,3,0,96.0,42000.0
1,101,2,6,2,128.0,94500.0
2,140,0,4,2,12.0,44500.0
12,85,2,10,0,128.0,38000.0
16,123,0,10,1,96.0,68900.0
0,202,2,24,1,256.0,29999.0
16,85,2,21,0,96.0,17000.0
7,85,2,6,0,16.0,29000.0
16,115,2,3,0,96.0,17000.0
3,85,2,10,0,8.0,6000.0
16,85,0,6,2,96.0,117500.0
0,186,2,6,0,256.0,167000.0
4,77,2,6,0,8.0,60000.0
6,85,0,4,2,4.0,27490.0
16,121,0,10,2,96.0,92500.0
0,201,2,21,0,256.0,41000.0
1,101,0,4,2,128.0,136990.0
0,190,2,14,0,256.0,255000.0
6,85,2,10,0,12.0,15000.0
13,85,2,4,2,4.0,19990.0
1,98,2,10,2,128.0,89993.0
4,85,0,6,2,256.0,55650.0
1,101,2,10,2,128.0,89990.0
16,122,2,21,0,96.0,43000.0
10,77,2,10,0,10.0,28000.0
14,131,2,19,0,8.0,18000.0
0,183,2,24,0,256.0,130000.0
0,188,2,24,2,256.0,163900.0
3,85,2,10,0,8.0,33500.0
3,168,2,10,0,8.0,7500.0
2,85,0,4,2,12.0,32000.0
15,135,0,0,2,12.0,56000.0
0,85,2,11,0,256.0,105000.0
8,85,0,6,2,4.0,33990.0
14,85,2,5,0,8.0,18500.0
8,13,2,6,0,8.0,24500.0
15,85,2,24,0,12.0,20000.0
9,85,0,10,1,96.0,51999.0
16,112,0,10,0,96.0,54999.0
12,66,2,0,0,128.0,147000.0
5,85,2,5,2,256.0,15000.0
0,204,2,11,0,256.0,43000.0
15,171,2,6,0,12.0,13000.0
12,85,2,11,2,256.0,60000.0
8,85,2,6,1,512.0,59999.0
17,29,2,8,0,8.0,15000.0
9,85,1,10,0,96.0,8000.0
18,21,0,4,2,8.0,23000.0
8,85,2,6,2,8.0,13990.0
0,192,2,24,1,128.0,249999.0
13,146,2,6,2,256.0,105000.0
12,85,2,10,0,128.0,57000.0
3,165,2,10,0,8.0,7000.0
12,46,2,18,0,128.0,37500.0
0,203,2,24,1,256.0,56000.0
0,85,2,0,0,256.0,350000.0
15,137,2,1,2,12.0,104500.0
15,158,2,11,0,12.0,13500.0
16,117,2,18,0,96.0,23000.0
8,85,0,4,2,4.0,31990.0
16,85,2,24,0,96.0,30000.0
12,85,2,11,0,8.0,47000.0
6,85,0,10,0,12.0,8000.0
14,39,2,4,0,8.0,67000.0
1,85,1,18,0,128.0,60500.0
16,85,0,6,2,4.0,27990.0
6,0,2,6,0,12.0,3000.0
12,85,0,24,1,64.0,29990.0
1,93,2,3,0,128.0,69000.0
6,0,2,6,0,12.0,3000.0
12,85,2,21,0,128.0,35000.0
3,169,2,10,0,128.0,13000.0
12,44,2,10,0,128.0,19500.0
15,159,2,9,2,8.0,14000.0
15,85,2,10,0,2.0,9250.0
1,103,2,21,2,128.0,111999.0
10,34,2,10,0,10.0,9500.0
0,182,2,10,0,512.0,106000.0
0,85,1,0,0,256.0,7500.0
12,54,2,3,1,128.0,29900.0
1,103,2,21,2,256.0,128001.0
0,185,2,6,2,128.0,115000.0
17,85,2,4,0,8.0,18000.0
13,85,2,10,2,128.0,65000.0
4,85,1,10,2,128.0,36900.0
12,46,2,21,0,128.0,22000.0
8,85,2,10,0,8.0,21500.0
4,85,2,3,0,128.0,35000.0
6,10,0,10,2,12.0,5991.0
7,85,2,6,2,128.0,35000.0
15,85,2,6,2,128.0,9900.0
16,85,2,4,2,96.0,56500.0
0,184,2,24,1,256.0,175000.0
15,85,2,3,0,12.0,28000.0
7,85,0,6,2,256.0,79800.0
7,85,2,6,0,16.0,46500.0
1,93,2,11,1,128.0,69490.0
7,85,0,4,2,16.0,262099.0
4,72,0,6,2,8.0,57990.0
14,85,0,4,2,3.0,22690.0
14,85,2,8,0,8.0,37990.0
16,85,0,24,1,256.0,69990.0
17,85,2,10,0,8.0,13500.0
12,85,0,6,2,12.0,118990.0
1,85,2,6,2,256.0,59000.0
7,8,0,4,2,12.0,172000.0
8,85,2,3,0,8.0,36500.0
12,85,0,0,0,128.0,6200.0
10,85,2,21,0,10.0,16000.0
1,85,2,11,1,8.0,69990.0
1,85,2,6,2,128.0,85000.0
12,65,0,10,2,128.0,114990.0
0,187,2,6,0,256.0,168000.0
18,85,2,9,0,4.0,10000.0
0,190,2,24,0,256.0,239500.0
12,85,2,10,2,128.0,64997.0
12,85,2,0,0,256.0,51500.0
13,85,2,21,0,128.0,39990.0
1,85,2,6,2,128.0,65000.0
9,85,2,16,0,96.0,22000.0
12,85,2,0,0,128.0,31000.0
8,15,2,10,0,8.0,16000.0
16,85,2,6,0,12.0,58000.0
12,85,2,10,0,128.0,16500.0
12,85,2,11,2,128.0,64990.0
0,204,2,24,1,256.0,55000.0
13,141,2,10,2,64.0,35000.0
8,85,2,6,0,8.0,32000.0
3,85,2,21,0,8.0,14000.0
12,85,2,10,0,6.0,18500.0
17,85,0,4,2,8.0,32299.0
12,85,2,21,0,128.0,20000.0
10,85,2,22,0,10.0,22500.0
6,33,2,6,0,12.0,4500.0
16,85,0,6,2,4.0,27990.0
0,201,2,21,0,256.0,40000.0
0,190,2,3,0,256.0,228000.0
15,158,2,21,0,12.0,20500.0
6,85,2,6,0,12.0,25000.0
15,85,0,0,2,12.0,269000.0
3,85,2,4,0,8.0,15500.0
1,85,2,6,2,128.0,72000.0
8,18,0,6,2,4.0,32900.0
1,99,2,11,2,128.0,94990.0
0,202,2,0,0,256.0,39000.0
12,85,2,0,0,4.0,25000.0
8,85,2,6,0,8.0,19000.0
10,41,2,8,2,8.0,79500.0
6,85,1,6,1,12.0,5990.0
15,137,2,8,2,12.0,104500.0
8,16,2,6,2,8.0,16990.0
7,85,1,4,2,16.0,9800.0
12,85,2,21,0,128.0,25000.0
13,85,2,10,2,128.0,39990.0
16,121,2,3,0,96.0,75000.0
15,85,2,0,0,12.0,70000.0
8,24,2,21,0,8.0,12000.0
0,190,2,18,0,256.0,220000.0
17,29,2,6,0,8.0,16000.0
3,85,2,4,0,8.0,6000.0
15,156,2,21,0,12.0,23000.0
16,106,2,6,0,96.0,28000.0
15,162,2,4,0,12.0,15000.0
7,85,0,4,2,512.0,256900.0
3,169,2,9,0,8.0,16000.0
17,85,2,6,2,4.0,19990.0
3,85,2,17,0,3.0,5500.0
10,85,2,11,1,256.0,49900.0
0,175,2,11,0,256.0,50000.0
1,85,2,10,0,128.0,67000.0
10,85,2,6,2,128.0,29000.0
0,179,2,18,0,256.0,83000.0
0,177,2,10,2,256.0,87000.0
0,191,0,6,2,128.0,229900.0
0,202,2,18,0,256.0,28900.0
17,85,0,4,2,8.0,23699.0
5,85,0,4,2,256.0,89990.0
16,85,2,6,0,96.0,16500.0
18,22,2,5,0,4.0,18500.0
15,85,2,3,1,64.0,11000.0
10,85,0,4,2,4.0,29990.0
0,193,0,24,1,256.0,399990.0
9,85,2,3,0,256.0,49000.0
4,85,0,6,2,4.0,28250.0
13,149,2,6,2,128.0,48000.0
9,85,1,6,2,96.0,4700.0
0,198,2,14,0,256.0,33000.0
8,85,2,3,0,8.0,30000.0
12,44,2,11,0,128.0,16500.0
5,85,2,3,0,256.0,62000.0
0,193,2,24,0,256.0,309500.0
8,85,2,6,0,8.0,6000.0
0,85,1,11,0,256.0,145000.0
1,90,0,10,2,128.0,70000.0
1,85,2,10,0,128.0,70000.0
8,85,2,10,0,8.0,26000.0
0,183,2,0,0,256.0,155000.0
10,85,2,6,0,10.0,28000.0
17,29,2,21,0,8.0,15000.0
13,85,2,6,2,256.0,105000.0
16,85,2,4,0,256.0,55000.0
1,105,0,4,2,128.0,156990.0
0,191,2,18,0,256.0,170000.0
0,175,2,6,0,128.0,62000.0
13,85,2,4,2,12.0,114990.0
0,180,2,21,2,256.0,107500.0
8,85,2,10,0,6.0,14500.0
15,85,2,10,0,12.0,35000.0
3,166,0,6,0,8.0,42000.0
16,107,2,10,0,96.0,25500.0
1,85,2,4,2,128.0,64999.0
15,85,0,6,0,12.0,28990.0
14,132,2,4,2,8.0,30000.0
1,85,2,4,2,8.0,57990.0
15,174,2,6,2,12.0,9900.0
8,85,0,6,2,4.0,33990.0
16,85,2,10,0,96.0,31000.0
12,85,2,6,0,128.0,15000.0
3,85,2,10,0,3.0,8500.0
0,187,2,6,2,128.0,209999.0
1,102,2,10,2,128.0,89990.0
12,85,2,0,0,6.0,27500.0
18,22,0,19,2,64.0,20750.0
10,85,2,10,1,10.0,45000.0
0,204,2,3,0,256.0,45000.0
6,0,0,6,1,12.0,2990.0
8,85,2,6,0,8.0,16000.0
15,85,2,4,2,8.0,27999.0
7,2,2,0,0,16.0,55000.0
6,85,0,4,2,4.0,27490.0
16,85,2,11,0,96.0,11500.0
0,176,2,18,2,256.0,84999.0
1,85,0,4,2,16.0,353990.0
3,85,2,6,2,64.0,14000.0
2,85,0,4,2,512.0,179900.0
12,85,2,6,2,8.0,49990.0
12,85,2,10,0,8.0,47000.0
0,184,2,21,0,256.0,140000.0
8,15,2,4,0,8.0,14000.0
11,85,1,4,2,96.0,27900.0
0,175,2,24,0,256.0,59500.0
15,85,2,18,0,12.0,27000.0
0,183,2,11,0,256.0,138000.0
12,58,2,11,0,128.0,38500.0
10,34,2,9,0,10.0,15000.0
0,190,2,10,2,256.0,206500.0
11,136,1,4,2,96.0,13500.0
4,85,0,4,2,8.0,73999.0
8,18,0,6,2,4.0,32900.0
15,171,2,11,0,12.0,11000.0
6,85,2,6,0,12.0,4500.0
16,85,2,3,0,96.0,15500.0
12,85,2,3,0,128.0,68500.0
17,85,2,24,0,8.0,28000.0
12,85,2,18,0,128.0,8000.0
4,78,0,6,2,8.0,76990.0
12,64,2,11,0,256.0,150000.0
4,85,0,4,2,8.0,71490.0
13,148,2,6,2,128.0,40000.0
8,85,2,4,1,8.0,12490.0
7,85,2,3,0,16.0,88500.0
15,85,2,4,2,6.0,9300.0
4,73,0,6,2,8.0,67500.0
7,85,0,4,2,8.0,91990.0
16,122,2,21,0,96.0,45500.0
16,121,0,10,2,96.0,92500.0
0,175,2,3,0,256.0,74000.0
4,71,0,10,0,8.0,77999.0
0,199,2,10,0,256.0,5000.0
0,175,2,18,0,64.0,65999.0
16,116,2,11,0,96.0,20000.0
11,136,1,4,2,96.0,13750.0
16,85,2,20,0,96.0,35000.0
4,85,0,10,0,8.0,24999.0
6,36,2,0,0,12.0,7000.0
12,85,2,10,1,6.0,34999.0
13,85,2,4,2,4.0,19990.0
0,184,2,0,0,256.0,150000.0
15,161,2,21,0,12.0,12000.0
0,192,2,6,2,256.0,266000.0
0,191,2,21,2,128.0,174999.0
0,185,2,11,0,128.0,118999.0
0,184,2,24,1,128.0,148000.0
8,85,2,10,0,8.0,254000.0
12,61,2,18,0,128.0,16500.0
6,85,1,6,1,12.0,4490.0
16,85,2,24,1,256.0,67000.0
1,91,2,6,0,128.0,70000.0
8,85,2,10,2,8.0,39500.0
16,85,2,0,0,256.0,39900.0
10,85,2,10,0,10.0,66000.0
12,85,2,11,0,128.0,30000.0
17,85,0,6,2,4.0,27990.0
8,23,2,6,0,8.0,20000.0
16,113,0,3,1,256.0,29000.0
0,176,2,21,0,256.0,75000.0
1,100,2,21,2,128.0,55990.0
4,85,1,11,1,8.0,29990.0
8,85,0,4,2,256.0,68990.0
12,53,2,21,0,128.0,25000.0
2,85,2,2,0,12.0,33000.0
1,85,2,6,2,128.0,85000.0
15,85,2,3,0,256.0,61500.0
2,85,2,11,0,12.0,70000.0
4,85,0,4,2,8.0,73490.0
0,178,2,10,0,256.0,89000.0
3,85,2,6,0,8.0,7500.0
12,43,2,6,2,128.0,12000.0
12,85,2,0,0,128.0,26500.0
16,110,2,21,0,96.0,29000.0
13,154,2,10,2,64.0,24000.0
1,89,2,6,0,256.0,45000.0
7,85,0,4,2,16.0,257000.0
12,50,2,21,0,128.0,26000.0
16,122,2,24,1,96.0,47500.0
7,85,2,6,2,128.0,35000.0
14,85,0,6,2,8.0,75990.0
4,76,2,6,2,8.0,62990.0
10,35,2,4,2,10.0,18500.0
1,85,2,6,2,128.0,59000.0
15,85,2,11,0,12.0,12000.0
17,29,2,6,0,8.0,18000.0
15,159,2,18,0,8.0,16000.0
14,128,2,0,0,8.0,30000.0
12,85,2,6,0,256.0,50000.0
3,85,2,10,0,8.0,24000.0
8,18,2,6,2,4.0,23990.0
6,0,0,4,2,12.0,6990.0
12,85,2,10,0,4.0,30500.0
12,85,0,6,2,128.0,30000.0
12,85,2,11,2,128.0,64990.0
14,40,0,6,2,256.0,73500.0
0,177,2,14,0,256.0,65000.0
4,78,0,6,2,8.0,77990.0
14,85,2,6,2,4.0,19990.0
12,54,0,11,0,4.0,42000.0
15,85,2,21,0,256.0,15500.0
17,206,0,6,2,256.0,64500.0
12,58,2,3,0,128.0,69000.0
14,85,2,4,2,2.0,18000.0
3,165,2,6,0,8.0,7000.0
1,103,2,10,0,128.0,130000.0
15,161,2,6,0,12.0,10000.0
12,85,2,3,0,128.0,16000.0
7,85,0,4,2,16.0,231990.0
16,85,0,10,1,8.0,74999.0
1,100,2,21,2,128.0,55950.0
13,151,2,10,2,6.0,34998.0
12,46,2,21,0,128.0,18500.0
16,85,2,6,2,8.0,34990.0
8,85,2,4,0,8.0,23500.0
16,85,2,6,0,8.0,22000.0
15,85,2,4,2,6.0,8900.0
3,80,2,6,2,8.0,34990.0
15,85,2,6,0,8.0,21500.0
8,24,2,18,0,8.0,9999.0
0,186,2,6,0,256.0,165000.0
16,85,0,3,2,96.0,20600.0
15,85,2,6,0,3.0,12500.0
8,85,0,6,2,12.0,145990.0
14,85,2,10,0,8.0,18000.0
2,85,0,4,2,512.0,105000.0
14,85,0,6,2,256.0,69990.0
14,85,2,10,0,8.0,18000.0
1,86,2,21,0,128.0,22000.0
2,85,0,4,2,6.0,43490.0
8,85,2,3,0,8.0,90000.0
1,85,0,4,2,12.0,216990.0
4,74,2,16,0,8.0,31000.0
3,167,2,11,0,8.0,13000.0
12,67,2,0,0,128.0,218000.0
0,179,2,3,0,256.0,82999.0
12,85,2,10,2,128.0,54994.0
12,46,2,21,0,128.0,25000.0
6,85,1,6,1,12.0,7990.0
13,85,2,6,2,128.0,59500.0
0,175,2,18,0,256.0,57500.0
0,184,2,0,0,256.0,152000.0
16,133,0,10,2,96.0,12500.0
0,175,2,10,1,128.0,70000.0
7,85,2,18,0,256.0,49000.0
4,85,2,4,1,4.0,18490.0
16,85,2,24,0,96.0,18000.0
1,85,2,0,0,4.0,23000.0
4,77,0,10,1,8.0,75000.0
4,71,0,10,1,8.0,75500.0
7,85,2,10,0,8.0,20000.0
4,77,0,10,0,8.0,79999.0
1,85,2,6,2,128.0,65000.0
12,64,2,3,0,128.0,75000.0
0,182,2,3,1,128.0,75000.0
15,159,2,6,2,8.0,19990.0
8,85,2,11,0,6.0,10000.0
6,85,2,10,0,12.0,2700.0
13,85,2,10,2,128.0,100000.0
13,85,2,4,2,12.0,62990.0
4,78,0,6,2,8.0,73450.0
0,178,2,14,0,256.0,57000.0
16,124,2,6,0,96.0,75000.0
14,39,2,6,1,8.0,49990.0
4,70,2,10,0,8.0,29000.0
4,74,2,3,1,128.0,29990.0
8,85,2,3,0,256.0,66000.0
16,85,2,4,2,128.0,56500.0
0,175,2,6,0,128.0,52000.0
4,85,0,4,2,4.0,36490.0
12,85,2,6,2,8.0,99900.0
9,85,1,11,0,96.0,6000.0
0,179,2,10,0,256.0,97000.0
17,206,0,4,2,256.0,64500.0
16,85,2,21,0,32.0,14500.0
7,85,0,6,2,16.0,78000.0
2,85,2,4,2,12.0,40000.0
0,186,2,6,2,128.0,164999.0
2,85,0,4,2,8.0,66500.0
7,85,2,8,0,512.0,245000.0
8,85,2,6,0,128.0,30999.0
3,85,2,6,0,64.0,17000.0
10,85,2,6,2,128.0,48000.0
12,50,2,11,0,128.0,22000.0
9,85,2,21,0,96.0,48000.0
13,85,2,6,2,128.0,52000.0
1,89,2,10,1,128.0,64990.0
1,85,2,4,0,128.0,120000.0
8,19,2,10,0,8.0,12000.0
16,119,2,10,0,96.0,30000.0
3,85,2,10,0,8.0,30000.0
1,92,2,21,2,128.0,47500.0
13,154,2,11,0,128.0,20000.0
13,148,2,21,2,128.0,32005.0
16,113,2,12,0,96.0,42000.0
12,55,0,6,0,256.0,75000.0
4,85,2,22,0,8.0,45000.0
12,85,2,11,2,64.0,35000.0
9,85,2,10,0,96.0,13000.0
14,85,1,6,2,256.0,73590.0
8,85,0,6,2,4.0,43990.0
0,182,2,11,0,256.0,78000.0
0,182,2,10,2,128.0,104900.0
16,117,2,10,0,96.0,26500.0
13,151,2,10,2,6.0,34997.0
15,85,2,11,0,12.0,28000.0
15,173,2,0,0,6.0,11500.0
6,85,2,4,2,4.0,20500.0
6,85,0,4,2,12.0,2990.0
3,85,2,10,0,8.0,349000.0
15,85,2,10,0,12.0,215000.0
12,53,2,11,0,128.0,28000.0
12,51,2,21,0,128.0,23000.0
0,193,2,0,0,256.0,290000.0
7,3,2,6,2,12.0,129990.0
3,85,2,10,0,8.0,10500.0
16,85,2,3,0,8.0,63000.0
14,132,2,10,0,8.0,25000.0
8,85,2,10,0,6.0,11500.0
6,1,0,4,2,12.0,6900.0
10,85,2,3,0,10.0,57000.0
4,85,0,3,2,8.0,26600.0
1,101,2,9,0,128.0,72000.0
4,71,0,10,0,8.0,77999.0
15,138,2,6,2,16.0,259990.0
8,85,2,6,0,8.0,10500.0
15,85,2,21,0,2.0,10000.0
13,85,2,4,2,8.0,31990.0
10,85,2,11,0,10.0,22000.0
10,34,2,6,0,10.0,9500.0
14,85,0,6,2,8.0,35250.0
1,85,2,6,2,128.0,89000.0
0,182,2,18,0,256.0,105000.0
2,85,2,4,2,512.0,208500.0
7,85,2,11,1,8.0,45900.0
12,55,0,10,1,128.0,71500.0
10,85,2,6,2,128.0,29000.0
8,23,2,21,0,8.0,17000.0
15,156,0,6,0,12.0,30000.0
0,201,2,11,0,128.0,34500.0
15,173,2,4,2,6.0,10900.0
12,63,0,12,2,256.0,89990.0
2,85,2,6,0,12.0,20000.0
4,75,0,6,2,6.0,37250.0
13,151,2,11,2,6.0,34990.0
16,113,0,10,1,96.0,38500.0
12,85,2,6,2,128.0,45000.0
12,44,2,0,0,128.0,17500.0
4,74,2,4,0,8.0,25000.0
2,85,0,4,2,12.0,134900.0
0,175,2,10,0,256.0,57000.0
6,85,2,4,0,12.0,9000.0
15,159,2,10,0,8.0,14990.0
8,16,2,4,2,8.0,11900.0
12,45,2,24,0,128.0,25000.0
9,85,2,21,2,64.0,15497.0
15,161,2,6,0,12.0,7500.0
14,85,0,4,2,8.0,72990.0
0,85,0,6,2,256.0,449990.0
12,42,2,3,0,128.0,24500.0
12,85,2,11,0,4.0,20900.0
7,85,2,6,2,128.0,35000.0
15,85,2,3,0,256.0,82500.0
12,85,2,10,0,4.0,23000.0
16,85,0,24,1,256.0,57490.0
10,85,2,11,1,12.0,69900.0
12,85,2,11,0,128.0,10000.0
0,203,2,21,0,256.0,35000.0
1,85,2,6,2,16.0,199900.0
11,85,1,4,0,96.0,5650.0
17,85,0,6,2,2.0,19700.0
1,85,2,6,2,128.0,85000.0
12,85,2,6,2,8.0,49900.0
16,85,2,11,0,96.0,22000.0
0,85,0,10,0,256.0,442000.0
0,85,2,3,0,256.0,16500.0
14,85,0,6,2,4.0,31500.0
1,91,2,6,2,128.0,68500.0
17,85,2,10,0,8.0,10500.0
1,99,2,11,2,128.0,89990.0
17,85,2,21,0,256.0,57000.0
16,85,2,10,0,96.0,60000.0
16,85,1,10,0,96.0,8500.0
0,196,2,21,0,256.0,20000.0
16,111,2,3,0,96.0,30000.0
16,85,2,6,2,12.0,139900.0
16,85,2,0,0,96.0,42000.0
7,85,2,4,2,256.0,48500.0
8,85,2,6,2,64.0,5000.0
17,85,2,4,2,8.0,21000.0
0,177,2,11,1,64.0,75000.0
3,164,2,6,0,8.0,2000.0
14,85,2,10,0,4.0,15500.0
1,85,0,3,0,128.0,295000.0
13,85,2,4,2,4.0,21990.0
8,85,2,4,2,4.0,48000.0
16,85,2,3,0,96.0,8500.0
16,106,2,21,0,96.0,11500.0
1,89,2,6,2,128.0,55900.0
16,85,2,0,0,96.0,15000.0
0,182,2,11,0,256.0,93000.0
1,102,2,11,2,128.0,94990.0
3,85,1,10,0,8.0,85000.0
12,85,2,18,2,128.0,64990.0
6,85,2,10,0,12.0,6000.0
13,143,2,6,2,256.0,49900.0
18,85,1,6,2,4.0,19980.0
3,165,2,4,0,8.0,7000.0
13,147,2,6,2,256.0,105000.0
10,85,2,3,0,10.0,13000.0
8,15,2,6,0,8.0,17500.0
12,85,2,3,0,128.0,12000.0
16,85,2,10,0,96.0,40000.0
0,200,2,21,2,256.0,37500.0
12,63,0,24,2,256.0,89990.0
0,190,2,24,1,256.0,289999.0
12,85,2,10,2,128.0,99900.0
12,85,2,6,0,12.0,185000.0
16,4,2,11,0,96.0,65000.0
0,190,2,10,0,256.0,228500.0
0,180,2,0,0,256.0,122000.0
15,171,2,10,0,12.0,5700.0
17,85,2,6,0,8.0,10000.0
18,26,2,4,0,4.0,11000.0
6,85,2,10,0,12.0,7999.0
0,185,2,10,2,128.0,119000.0
13,148,2,4,2,128.0,34000.0
0,180,2,11,0,256.0,105000.0
12,44,2,11,0,128.0,16500.0
1,93,2,4,2,128.0,69900.0
1,102,0,10,2,128.0,94990.0
16,85,0,24,1,512.0,107990.0
12,85,2,6,2,4.0,19990.0
17,85,2,6,2,2.0,20990.0
1,100,2,21,2,128.0,55950.0
4,85,0,6,2,4.0,24500.0
15,171,2,10,0,12.0,10000.0
6,0,2,5,0,12.0,2300.0
1,85,2,10,2,128.0,94990.0
12,85,2,11,2,32.0,19000.0
1,85,0,10,2,256.0,299000.0
8,16,2,4,2,8.0,11900.0
14,85,0,6,2,256.0,59990.0
15,171,2,11,0,12.0,10000.0
4,85,0,6,2,64.0,21000.0
18,22,0,10,0,4.0,20999.0
16,121,2,3,0,96.0,60000.0
4,85,0,4,2,4.0,36490.0
8,25,2,6,0,8.0,28000.0
4,85,0,6,2,6.0,37999.0
0,187,2,11,0,256.0,148500.0
0,184,2,6,2,512.0,184999.0
16,85,2,11,0,96.0,49000.0
16,120,2,3,0,96.0,31250.0
0,202,2,10,0,256.0,42000.0
15,85,2,0,0,12.0,32000.0
15,85,2,11,0,12.0,22000.0
0,178,2,6,2,128.0,69900.0
16,112,2,6,0,96.0,50000.0
18,85,2,4,0,4.0,10000.0
4,72,0,6,2,8.0,55490.0
16,85,0,24,1,256.0,54990.0
13,85,2,6,2,128.0,105000.0
15,85,2,3,0,12.0,36000.0
4,133,2,4,2,8.0,30000.0
14,129,0,6,2,6.0,31590.0
1,89,2,6,0,128.0,48500.0
12,67,2,10,0,128.0,185000.0
1,93,0,10,1,128.0,100000.0
4,85,0,4,2,8.0,46990.0
1,89,2,6,2,128.0,55900.0
15,171,2,4,2,128.0,8999.0
6,85,0,4,1,12.0,3000.0
4,85,2,21,0,8.0,58000.0
1,103,2,10,0,128.0,134000.0
12,69,2,21,0,128.0,23000.0
17,85,0,4,2,8.0,53699.0
3,85,2,10,0,8.0,20000.0
17,85,2,6,0,8.0,16500.0
10,85,2,4,2,10.0,58500.0
4,78,0,6,2,8.0,77990.0
13,151,2,10,2,6.0,34990.0
0,179,2,18,0,256.0,90000.0
12,43,2,10,0,128.0,13000.0
12,85,2,0,0,128.0,18000.0
17,206,0,6,2,256.0,64500.0
0,179,2,12,0,256.0,85000.0
1,92,2,21,2,128.0,47490.0
3,166,2,18,0,8.0,17500.0
0,204,2,3,0,256.0,55000.0
12,64,2,0,0,128.0,130000.0
2,85,0,6,1,12.0,45600.0
15,85,0,0,2,12.0,56600.0
16,118,2,6,0,96.0,22500.0
1,100,2,21,2,128.0,55996.0
9,85,1,3,0,96.0,1300.0
13,153,2,10,2,128.0,24990.0
6,85,2,21,0,12.0,17000.0
1,101,2,21,2,128.0,87950.0
12,85,2,3,0,128.0,11900.0
15,85,2,11,0,12.0,17000.0
10,35,2,4,2,10.0,18500.0
13,148,2,21,2,128.0,32001.0
0,184,2,6,2,1024.0,194999.0
13,85,2,6,2,128.0,59500.0
7,85,2,22,0,16.0,95000.0
12,85,1,3,0,128.0,6000.0
12,85,2,11,2,256.0,104990.0
10,85,2,3,0,10.0,8000.0
15,85,2,5,2,64.0,11000.0
3,85,2,6,0,8.0,25000.0
4,74,0,10,1,8.0,36500.0
15,170,2,21,0,12.0,15000.0
6,85,2,16,0,12.0,13000.0
16,85,2,20,0,96.0,62000.0
16,85,0,10,0,8.0,69999.0
13,144,2,6,2,256.0,59900.0
12,85,2,3,0,128.0,45000.0
15,85,2,4,2,4.0,9990.0
0,85,2,21,0,256.0,65000.0
1,85,2,10,2,128.0,119990.0
0,190,2,0,0,256.0,214900.0
16,85,2,0,0,96.0,18990.0
10,4,2,6,1,128.0,45000.0
3,167,2,6,0,8.0,12500.0
10,85,2,20,1,16.0,62000.0
3,85,2,4,2,3.0,24000.0
0,182,2,12,2,128.0,95000.0
12,85,2,3,1,128.0,45000.0
8,85,2,20,0,8.0,60000.0
4,77,2,6,0,8.0,47500.0
0,180,2,3,0,256.0,118500.0
0,185,2,21,2,128.0,118498.0
12,85,2,6,0,128.0,130000.0
6,0,2,6,0,12.0,1700.0
0,187,2,11,0,256.0,220000.0
15,171,2,4,2,12.0,10500.0
1,100,2,11,0,128.0,59500.0
4,77,0,10,1,8.0,75000.0
17,85,2,21,0,8.0,45000.0
16,85,1,6,0,96.0,11000.0
12,43,2,0,0,128.0,14500.0
8,23,2,11,0,8.0,15500.0
10,85,2,6,2,128.0,48000.0
3,85,1,6,2,8.0,12990.0
9,85,1,3,0,96.0,25000.0
15,85,0,11,1,512.0,269990.0
7,85,0,6,2,256.0,78500.0
6,0,2,10,0,12.0,2900.0
12,85,2,21,0,128.0,30000.0
7,85,2,6,0,256.0,55000.0
15,138,2,6,2,16.0,269900.0
16,85,2,14,0,6.0,26500.0
8,85,2,24,0,8.0,74000.0
4,85,2,10,0,8.0,11500.0
12,85,2,0,0,3.0,20000.0
12,85,1,0,0,128.0,1000.0
8,16,2,6,0,8.0,15900.0
2,85,2,6,2,12.0,89990.0
0,191,2,6,2,256.0,215900.0
16,109,2,21,0,96.0,20000.0
2,140,2,24,0,128.0,22000.0
2,85,0,4,2,4.0,29990.0
12,85,2,21,0,128.0,23000.0
16,124,2,0,0,256.0,48999.0
1,85,2,4,1,128.0,115000.0
0,175,2,21,2,256.0,57500.0
1,99,2,10,2,128.0,89997.0
8,14,2,6,0,8.0,5000.0
0,182,2,11,0,128.0,87000.0
1,85,2,0,0,128.0,24000.0
0,190,2,3,0,256.0,240000.0
16,113,0,3,0,96.0,33990.0
10,85,2,10,0,10.0,32500.0
7,6,0,4,2,16.0,229000.0
0,176,2,24,0,256.0,65000.0
13,154,2,6,0,128.0,17000.0
10,85,2,6,2,6.0,27990.0
3,85,2,6,0,8.0,7500.0
14,85,2,6,2,8.0,52900.0
13,144,2,6,2,256.0,59000.0
8,23,2,6,0,32.0,7999.0
10,85,0,4,2,4.0,28490.0
10,85,2,13,0,10.0,23000.0
13,149,2,10,2,128.0,39991.0
17,85,2,4,0,8.0,21500.0
16,113,2,21,0,96.0,32000.0
13,85,2,11,0,128.0,45000.0
1,85,2,18,0,128.0,22000.0
0,190,2,10,2,256.0,206500.0
4,85,0,4,2,6.0,41490.0
0,191,0,3,0,128.0,213000.0
0,180,2,6,2,128.0,129999.0
14,85,0,4,2,256.0,68990.0
10,85,2,6,2,4.0,19990.0
4,76,0,6,2,8.0,57990.0
1,96,2,4,2,12.0,69990.0
0,193,2,18,0,256.0,320000.0
16,85,0,0,2,96.0,26600.0
5,85,2,10,0,256.0,48500.0
13,155,2,21,0,64.0,21500.0
17,133,2,4,2,128.0,27999.0
3,167,2,21,0,8.0,7500.0
12,54,2,3,1,256.0,38000.0
12,85,2,3,0,6.0,42500.0
0,188,0,24,1,128.0,189990.0
15,85,2,3,0,12.0,24999.0
0,190,2,24,1,512.0,259999.0
17,30,2,10,0,8.0,25000.0
4,85,2,4,2,4.0,21000.0
16,122,2,21,0,96.0,45000.0
16,118,2,11,0,96.0,21000.0
1,103,2,21,2,128.0,114000.0
14,85,0,6,1,4.0,31990.0
9,85,1,6,2,96.0,3950.0
12,64,2,0,0,128.0,170000.0
17,85,0,6,2,4.0,22800.0
0,204,2,21,0,256.0,50000.0
17,30,0,10,0,8.0,30000.0
15,139,0,23,2,16.0,459900.0
12,52,2,6,0,128.0,19500.0
13,85,2,21,2,128.0,40000.0
15,85,2,11,0,12.0,9900.0
10,36,2,6,0,64.0,11999.0
10,85,2,10,0,6.0,35500.0
8,85,2,4,1,8.0,12490.0
1,103,2,21,2,128.0,112001.0
14,85,2,19,0,8.0,75000.0
0,176,2,14,0,64.0,49000.0
12,47,0,10,1,128.0,34999.0
12,85,2,3,0,128.0,25000.0
15,85,2,6,2,128.0,9900.0
16,85,2,4,2,64.0,18000.0
4,85,0,4,2,8.0,60490.0
10,85,0,4,2,8.0,48990.0
8,85,2,6,2,256.0,40000.0
18,85,2,6,1,2.0,9990.0
16,85,2,3,1,64.0,15000.0
0,186,2,21,0,256.0,149000.0
0,175,2,21,2,128.0,66497.0
14,85,2,21,0,8.0,40000.0
16,121,0,10,2,96.0,92500.0
15,85,2,6,0,6.0,10500.0
4,85,0,4,2,256.0,59990.0
12,85,2,3,0,12.0,135000.0
8,17,2,4,2,8.0,11990.0
3,85,1,6,2,8.0,11450.0
6,85,2,19,0,12.0,11000.0
15,173,2,10,0,6.0,9500.0
4,85,2,21,0,6.0,18000.0
2,85,0,4,2,12.0,99530.0
1,89,2,0,0,128.0,57000.0
1,95,2,21,2,128.0,84990.0
16,85,2,10,0,96.0,70000.0
0,184,2,3,0,256.0,120000.0
3,166,2,11,0,8.0,18000.0
2,85,0,4,2,128.0,14000.0
12,56,0,6,2,256.0,75000.0
8,85,2,3,0,8.0,48000.0
3,85,2,10,0,2.0,9300.0
14,131,2,11,0,8.0,11000.0
6,85,0,4,2,12.0,6990.0
1,85,2,11,0,128.0,120000.0
16,85,0,6,2,8.0,44500.0
2,85,0,4,2,512.0,339990.0
13,147,2,6,2,256.0,105000.0
15,157,0,6,2,4.0,28900.0
12,55,2,3,0,128.0,56000.0
0,198,2,10,0,256.0,29999.0
1,85,2,10,2,128.0,94990.0
16,121,2,24,1,256.0,79999.0
16,106,2,15,0,128.0,17000.0
1,103,2,4,2,128.0,119900.0
4,126,2,6,0,8.0,29000.0
16,85,2,6,2,6.0,29990.0
14,85,1,6,2,8.0,74990.0
18,26,2,20,0,4.0,15000.0
7,85,2,4,2,16.0,158500.0
17,30,2,6,0,8.0,17500.0
4,85,0,6,1,8.0,26600.0
15,85,2,6,1,4.0,17999.0
1,95,2,6,0,128.0,97000.0
12,85,0,3,2,8.0,30200.0
18,85,1,6,2,4.0,19980.0
16,113,2,0,0,96.0,27000.0
3,85,2,4,0,8.0,16500.0
16,85,2,10,0,96.0,85000.0
16,117,2,0,0,96.0,20000.0
0,178,2,11,0,128.0,65000.0
2,85,0,4,2,8.0,58990.0
0,176,2,14,0,256.0,54000.0
8,85,2,24,1,8.0,27500.0
14,85,0,4,2,8.0,72990.0
15,85,2,3,0,12.0,32000.0
1,85,1,11,1,8.0,69990.0
0,191,2,21,2,128.0,174999.0
12,85,2,6,2,6.0,34990.0
0,183,2,3,0,256.0,130000.0
8,23,2,10,2,8.0,17500.0
16,85,2,21,0,96.0,16000.0
12,59,2,0,0,128.0,4500.0
6,85,2,6,0,16.0,6999.0
6,85,1,6,1,12.0,6990.0
13,148,2,21,2,128.0,31996.0
15,160,2,4,2,8.0,11990.0
0,184,2,11,0,256.0,130000.0
10,85,2,6,2,4.0,19990.0
3,85,2,21,0,8.0,12000.0
16,85,2,3,0,96.0,30000.0
15,135,0,3,2,12.0,56600.0
12,85,2,3,0,128.0,82500.0
12,85,2,0,0,128.0,16000.0
12,85,2,6,0,256.0,30000.0
16,85,2,21,0,6.0,20000.0
0,193,2,24,0,256.0,320000.0
0,183,2,24,1,256.0,117000.0
8,85,2,6,0,8.0,15500.0
0,190,2,10,0,256.0,216500.0
0,181,2,24,1,128.0,65000.0
16,115,2,21,0,32.0,14500.0
1,85,2,6,2,128.0,65000.0
8,85,2,22,0,8.0,32000.0
15,159,2,6,2,8.0,19990.0
0,187,2,0,0,256.0,179000.0
12,50,2,6,0,128.0,15500.0
3,169,2,9,0,8.0,18000.0
8,85,2,4,2,6.0,9300.0
15,170,2,10,0,6.0,8500.0
13,85,2,6,2,128.0,105000.0
10,37,2,3,0,10.0,20000.0
3,166,2,6,0,8.0,21000.0
6,85,0,10,0,12.0,3100.0
14,131,2,0,0,8.0,18500.0
1,85,0,4,2,16.0,339990.0
12,85,2,11,2,256.0,86000.0
2,85,0,10,0,12.0,135500.0
7,85,2,6,2,8.0,23990.0
17,27,0,1,2,128.0,29800.0
12,53,2,3,0,128.0,45000.0
17,85,2,6,0,8.0,18000.0
7,6,2,6,2,16.0,179900.0
14,85,2,11,0,8.0,18500.0
17,85,2,11,0,8.0,34990.0
16,106,2,6,0,96.0,11500.0
13,85,2,4,2,4.0,18990.0
8,15,2,11,0,8.0,14000.0
16,107,2,3,0,96.0,28500.0
4,78,0,6,2,8.0,73480.0
15,174,2,6,2,12.0,9900.0
1,85,2,4,2,256.0,197000.0
4,85,1,6,2,4.0,29990.0
3,85,2,10,0,8.0,20000.0
16,85,2,10,0,3.0,14350.0
0,175,2,10,0,128.0,47000.0
14,85,0,6,2,8.0,65000.0
12,85,2,3,0,12.0,218000.0
3,85,2,14,0,8.0,6500.0
12,85,0,24,1,256.0,249990.0
13,85,2,6,2,128.0,41000.0
10,85,2,0,0,10.0,69500.0
6,85,0,4,2,12.0,5990.0
16,85,2,3,0,96.0,48000.0
0,178,2,11,0,256.0,65000.0
16,106,2,16,0,96.0,20000.0
10,85,2,6,0,10.0,14000.0
1,85,2,6,2,128.0,59000.0
4,85,0,6,2,4.0,24250.0
0,183,2,11,0,128.0,115000.0
7,85,0,4,2,16.0,189990.0
15,85,2,11,1,24.0,149999.0
1,93,0,4,2,128.0,95490.0
16,85,2,4,2,2.0,18000.0
8,85,2,3,0,8.0,45000.0
0,177,2,10,2,256.0,89900.0
1,85,1,11,2,128.0,144990.0
8,85,2,4,2,8.0,11990.0
12,85,2,21,0,3.0,11500.0
16,85,2,21,0,96.0,14500.0
0,182,2,18,0,128.0,96000.0
0,183,2,6,0,128.0,100000.0
12,85,2,11,1,8.0,49900.0
0,198,2,11,0,256.0,20500.0
2,85,0,6,2,256.0,53000.0
0,175,2,0,0,256.0,66000.0
16,115,2,21,0,32.0,13500.0
1,85,0,4,2,16.0,293990.0
8,85,2,4,0,8.0,129990.0
15,85,2,21,0,12.0,60000.0
4,71,0,4,2,8.0,74699.0
15,85,2,22,0,12.0,9990.0
10,85,2,22,0,10.0,42500.0
6,0,0,10,0,12.0,3500.0
0,180,2,18,0,512.0,145000.0
4,85,2,21,0,4.0,24500.0
11,85,1,4,0,96.0,12500.0
10,116,2,21,0,10.0,19000.0
14,85,2,10,0,8.0,44999.0
9,85,2,10,2,4.0,18998.0
3,85,2,9,2,6.0,24999.0
3,165,2,6,0,8.0,8500.0
1,101,2,10,2,128.0,89500.0
15,85,2,0,0,8.0,98000.0
12,85,2,0,0,8.0,49000.0
12,85,2,11,0,128.0,31000.0
12,61,2,10,0,128.0,18000.0
1,93,2,21,0,128.0,82000.0
13,152,2,11,2,6.0,34990.0
16,85,2,24,0,96.0,27000.0
1,102,0,10,2,128.0,94990.0
10,41,2,14,2,8.0,79500.0
13,85,2,4,2,128.0,37990.0
17,85,2,13,0,8.0,9000.0
0,176,2,21,2,256.0,82501.0
11,85,1,4,2,96.0,9490.0
16,85,2,13,0,512.0,135000.0
16,85,0,4,2,96.0,310900.0
12,85,2,0,0,4.0,13000.0
8,85,0,4,2,8.0,85990.0
0,85,2,3,0,256.0,185000.0
13,146,2,6,2,256.0,105000.0
8,85,2,6,0,8.0,6000.0
13,85,2,10,2,128.0,39990.0
4,127,2,1,0,8.0,14000.0
7,85,2,4,0,16.0,50000.0
3,164,2,6,0,8.0,4000.0
13,144,2,6,2,256.0,59000.0
12,85,2,0,0,128.0,36500.0
0,179,2,6,0,256.0,95000.0
1,94,2,10,2,128.0,69997.0
16,85,2,3,0,8.0,46000.0
7,85,2,10,0,128.0,20000.0
14,132,2,11,0,8.0,13000.0
8,85,2,4,0,512.0,65000.0
3,85,2,6,0,128.0,22499.0
4,85,0,4,2,8.0,73990.0
16,85,2,4,2,96.0,41500.0
3,85,2,6,0,8.0,225000.0
8,13,2,10,0,8.0,18000.0
14,39,2,10,0,8.0,71000.0
14,85,1,6,2,8.0,69990.0
15,135,0,0,2,12.0,56000.0
16,85,2,20,0,96.0,30000.0
18,85,0,4,2,3.0,20500.0
15,85,2,3,1,64.0,11990.0
14,129,2,6,2,6.0,24990.0
10,77,2,4,2,128.0,21000.0
12,44,2,0,0,128.0,21000.0
12,85,2,6,0,128.0,16000.0
17,85,2,6,0,8.0,140000.0
0,195,2,6,2,256.0,410900.0
16,122,2,14,0,96.0,42000.0
16,85,2,22,0,96.0,16000.0
1,101,2,21,2,128.0,87990.0
8,85,2,6,1,4.0,24990.0
12,85,2,0,0,128.0,60000.0
2,140,0,12,0,12.0,18000.0
4,85,2,6,0,8.0,17000.0
15,171,2,3,0,12.0,15000.0
0,185,2,21,2,128.0,118497.0
0,184,2,18,0,256.0,185000.0
16,124,2,14,0,96.0,48500.0
0,178,2,10,2,64.0,74900.0
1,93,2,21,0,128.0,67000.0
0,185,2,0,0,256.0,115900.0
8,85,2,6,1,256.0,58000.0
15,85,2,3,0,12.0,49500.0
0,193,2,3,0,256.0,292000.0
17,85,2,7,0,8.0,32000.0
13,150,2,10,0,128.0,14000.0
12,68,2,12,0,128.0,255000.0
5,85,2,3,0,256.0,20000.0
0,179,2,0,0,256.0,87500.0
3,85,2,6,2,8.0,89900.0
15,85,2,10,0,12.0,62000.0
3,168,2,6,0,8.0,11500.0
0,202,2,11,0,256.0,38000.0
13,85,2,10,2,64.0,26000.0
1,103,2,11,1,256.0,135000.0
13,145,2,6,2,256.0,107500.0
7,85,2,6,1,16.0,39999.0
15,85,0,21,0,12.0,449000.0
12,85,2,21,0,128.0,28000.0
1,85,2,4,0,128.0,57999.0
14,85,0,6,1,8.0,32000.0
14,130,0,6,2,6.0,36700.0
1,88,2,21,0,128.0,35000.0
0,187,2,3,0,256.0,212000.0
15,85,2,10,0,12.0,62000.0
2,85,2,18,0,12.0,165000.0
4,76,0,6,2,8.0,77990.0
12,62,2,6,2,128.0,49500.0
7,85,2,6,0,16.0,160000.0
16,85,1,4,2,96.0,19500.0
0,182,2,0,0,256.0,103000.0
12,85,2,18,0,128.0,28000.0
16,113,2,3,0,96.0,32000.0
8,85,2,5,2,8.0,45500.0
16,85,0,6,1,96.0,56500.0
8,12,2,18,0,8.0,9500.0
12,85,2,24,0,128.0,20000.0
16,109,2,21,0,128.0,19000.0
16,116,2,11,0,96.0,20000.0
0,85,2,11,0,256.0,150000.0
12,62,2,11,1,128.0,49000.0
7,85,2,6,0,16.0,56500.0
16,109,2,21,0,96.0,23000.0
12,43,2,0,0,32.0,15500.0
2,85,2,4,2,12.0,75000.0
16,85,2,4,2,6.0,26999.0
0,176,2,3,0,256.0,78000.0
16,85,2,6,2,4.0,22990.0
16,120,2,11,0,96.0,36500.0
4,85,1,11,1,4.0,23990.0
6,85,2,10,0,12.0,4000.0
0,197,2,3,0,256.0,15000.0
1,85,2,6,2,6.0,48990.0
0,190,0,24,1,512.0,374990.0
12,85,0,0,2,8.0,30200.0
15,135,0,3,2,12.0,56000.0
8,85,0,4,0,8.0,82000.0
0,193,2,6,2,256.0,300000.0
14,85,0,6,2,4.0,31900.0
14,85,0,6,2,4.0,28500.0
10,85,2,10,0,4.0,20000.0
16,106,2,13,0,96.0,13000.0
16,85,2,3,2,4.0,20500.0
0,180,2,24,0,256.0,82000.0
17,85,2,6,0,8.0,28000.0
13,85,2,4,2,4.0,19500.0
0,197,2,11,0,128.0,15000.0
3,166,2,10,0,8.0,7000.0
8,85,2,24,0,8.0,31500.0
7,85,0,4,2,12.0,174990.0
0,198,2,11,0,128.0,10000.0
12,47,2,6,0,128.0,35000.0
0,176,2,0,0,256.0,84000.0
13,85,2,10,2,128.0,39990.0
0,176,2,14,0,256.0,51000.0
15,174,2,6,2,12.0,9900.0
13,146,2,6,2,256.0,105000.0
16,85,2,20,0,12.0,59000.0
18,85,2,1,0,4.0,11000.0
0,205,2,12,0,256.0,61500.0
4,85,0,4,2,8.0,69990.0
1,95,2,6,0,128.0,84990.0
12,85,2,0,0,64.0,23000.0
0,197,2,11,0,32.0,15500.0
16,122,2,21,0,96.0,52000.0
0,198,2,10,0,256.0,19000.0
14,85,2,10,0,8.0,18000.0
12,85,2,21,0,128.0,120000.0
14,108,2,6,0,8.0,18000.0
12,65,0,10,2,256.0,114990.0
17,85,2,6,0,8.0,10000.0
3,85,2,11,0,8.0,9500.0
6,36,2,4,0,12.0,12000.0
15,162,2,6,0,12.0,17000.0
8,85,2,10,0,8.0,18000.0
6,9,0,10,2,12.0,6990.0
0,185,2,21,2,128.0,118501.0
16,85,2,11,0,256.0,49000.0
12,85,2,11,2,128.0,43000.0
8,85,2,10,0,8.0,265000.0
16,85,1,4,2,96.0,4500.0
0,85,2,6,1,128.0,90900.0
0,192,2,11,0,256.0,226000.0
0,180,2,11,0,256.0,58000.0
13,85,2,10,2,128.0,39990.0
0,85,2,6,2,128.0,86900.0
13,152,2,10,2,6.0,34997.0
16,85,2,21,0,96.0,17000.0
16,124,2,3,0,96.0,55000.0
8,85,2,0,0,8.0,19900.0
12,44,2,0,0,128.0,18500.0
4,85,2,4,0,8.0,20999.0
10,85,2,6,0,4.0,13500.0
8,85,2,3,0,8.0,34500.0
16,85,2,6,2,8.0,25900.0
3,81,2,4,0,8.0,19000.0
4,85,2,21,0,64.0,14500.0
8,85,2,11,0,8.0,20000.0
17,85,0,6,2,8.0,71990.0
16,85,2,10,0,96.0,65000.0
18,85,0,4,2,2.0,19899.0
13,143,2,6,2,256.0,59900.0
11,136,1,4,2,96.0,13750.0
13,85,2,10,2,256.0,75000.0
12,44,2,21,0,128.0,15000.0
9,85,2,10,2,32.0,11990.0
2,85,1,6,2,8.0,53990.0
12,65,0,10,2,128.0,109999.0
10,35,2,6,0,10.0,20000.0
0,85,1,3,0,256.0,3000.0
0,175,2,21,0,256.0,45000.0
13,145,2,6,2,256.0,107500.0
0,186,2,21,2,256.0,174998.0
7,8,0,4,2,12.0,172040.0
1,85,2,11,2,128.0,59990.0
3,85,2,21,0,4.0,16500.0
10,85,2,6,0,10.0,15000.0
1,103,2,21,0,128.0,113000.0
7,85,0,4,2,16.0,187060.0
6,0,0,6,1,12.0,2990.0
14,85,2,6,2,256.0,59990.0
15,85,2,10,0,12.0,8500.0
0,202,2,18,0,256.0,23500.0
9,85,1,6,2,96.0,3850.0
16,85,2,6,2,4.0,22990.0
15,85,0,6,2,3.0,20990.0
6,85,0,4,2,12.0,38990.0
13,148,2,21,2,128.0,31980.0
6,85,2,10,0,12.0,23000.0
1,85,2,4,2,128.0,179000.0
16,85,2,24,1,256.0,70000.0
10,85,2,0,0,10.0,33500.0
17,29,0,4,2,8.0,20500.0
0,198,2,12,0,256.0,25000.0
3,164,2,21,0,8.0,4500.0
6,11,0,10,2,12.0,8490.0
0,194,0,24,2,256.0,266900.0
15,85,2,0,0,12.0,61999.0
13,154,2,21,2,64.0,24000.0
10,35,2,13,2,10.0,18500.0
8,85,2,6,2,3.0,19990.0
2,85,0,0,2,12.0,59999.0
8,85,2,11,1,256.0,64999.0
13,85,2,4,2,4.0,16990.0
3,85,2,4,2,6.0,29999.0
13,85,2,4,2,4.0,19500.0
15,170,2,18,0,12.0,18000.0
10,85,2,6,0,8.0,45000.0
1,85,2,0,1,8.0,62500.0
8,85,2,6,1,128.0,24999.0
0,179,2,3,0,256.0,105000.0
1,103,2,21,0,128.0,115000.0
15,85,2,11,0,16.0,74999.0
17,85,0,6,2,2.0,19690.0
0,184,2,24,1,256.0,149999.0
12,49,2,0,0,128.0,16000.0
0,191,2,18,0,256.0,215000.0
15,170,2,6,0,128.0,10500.0
12,85,2,0,1,256.0,62500.0
1,100,2,21,2,128.0,55997.0
12,63,0,18,2,256.0,89990.0
4,85,1,6,2,8.0,73500.0
17,85,0,6,2,4.0,22900.0
15,159,2,6,2,8.0,19990.0
0,188,2,11,0,256.0,156000.0
16,85,0,4,1,8.0,45000.0
4,126,0,6,2,128.0,27990.0
4,85,0,4,2,256.0,57899.0
15,158,2,18,0,12.0,16000.0
12,45,2,18,0,128.0,23500.0
12,85,2,3,0,128.0,40000.0
11,85,1,22,0,96.0,2500.0
15,85,0,11,1,512.0,299990.0
15,85,0,3,2,12.0,248000.0
1,101,0,10,1,128.0,145000.0
0,175,2,18,0,256.0,65000.0
15,173,2,10,0,6.0,8000.0
1,100,2,11,1,128.0,68500.0
1,85,2,10,2,128.0,74990.0
2,85,2,4,1,256.0,33490.0
1,85,2,24,1,256.0,245000.0
0,85,2,21,0,128.0,75000.0
0,198,2,3,0,128.0,21000.0
1,85,2,6,2,128.0,59000.0
3,85,2,5,2,8.0,35990.0
0,204,2,10,0,256.0,34500.0
13,85,2,10,2,128.0,39000.0
16,109,2,6,0,96.0,17500.0
16,133,0,10,2,96.0,12500.0
17,85,0,1,2,8.0,33900.0
8,85,2,10,0,8.0,18000.0
8,85,2,0,1,8.0,47500.0
0,201,2,10,0,256.0,27000.0
12,85,2,11,1,16.0,56999.0
13,85,2,6,0,8.0,39000.0
12,49,2,3,0,128.0,15000.0
16,106,2,10,0,96.0,12500.0
2,85,0,0,2,12.0,59999.0
12,85,2,21,0,128.0,35000.0
10,85,2,24,1,256.0,36500.0
10,85,2,6,2,128.0,29000.0
1,85,0,10,2,128.0,199000.0
0,180,2,12,0,256.0,85000.0
0,198,2,0,0,128.0,35000.0
1,89,2,10,0,128.0,52000.0
13,155,2,21,2,64.0,26000.0
17,85,2,21,0,256.0,22500.0
1,103,0,10,1,128.0,165000.0
10,34,2,6,0,10.0,7000.0
0,197,2,21,0,128.0,16000.0
16,85,2,4,2,96.0,41500.0
6,85,2,6,0,64.0,9999.0
1,100,2,4,0,128.0,40000.0
12,45,2,6,0,128.0,16500.0
15,85,2,0,0,12.0,138000.0
1,102,2,11,2,128.0,89990.0
17,85,0,6,2,8.0,64990.0
6,10,0,10,2,12.0,6994.0
12,85,2,21,0,128.0,12000.0
12,63,0,12,2,256.0,89990.0
16,85,2,4,2,96.0,56500.0
0,193,2,21,0,256.0,300000.0
6,33,2,21,0,12.0,5500.0
12,85,2,24,0,128.0,18000.0
17,85,2,21,0,8.0,20000.0
0,85,2,11,0,256.0,215000.0
4,72,0,6,2,8.0,55990.0
15,171,2,16,0,12.0,6000.0
16,85,2,6,2,12.0,139900.0
4,85,1,6,2,8.0,79990.0
6,85,0,10,0,12.0,49999.0
16,109,2,0,0,96.0,25000.0
12,85,2,11,0,128.0,17000.0
6,85,1,6,1,12.0,2990.0
1,95,2,21,2,128.0,84998.0
10,85,2,3,0,256.0,39000.0
10,85,2,3,0,10.0,25000.0
8,85,2,3,0,8.0,30000.0
7,85,2,0,0,256.0,89990.0
12,52,2,0,0,128.0,23000.0
1,85,0,4,2,16.0,299900.0
14,131,2,18,0,8.0,20000.0
16,85,2,3,0,96.0,16000.0
0,176,2,24,2,256.0,86900.0
4,127,2,10,0,8.0,25000.0
12,85,0,24,1,256.0,204990.0
7,85,2,3,0,128.0,47000.0
16,114,2,0,0,96.0,12000.0
8,85,0,4,2,4.0,38490.0
15,171,2,24,0,12.0,15000.0
12,85,2,6,0,128.0,35000.0
16,85,2,0,0,2.0,17000.0
0,193,2,24,1,256.0,309990.0
12,85,2,21,0,128.0,26000.0
9,85,2,0,0,96.0,18500.0
0,193,2,21,2,256.0,279997.0
14,85,0,6,2,256.0,65000.0
6,85,2,6,0,12.0,11000.0
7,85,2,11,1,256.0,84999.0
15,85,2,6,0,12.0,40000.0
16,85,2,4,2,96.0,23999.0
17,84,2,10,0,256.0,32000.0
6,85,0,4,2,12.0,6900.0
12,85,2,3,0,128.0,85000.0
14,85,2,11,0,8.0,18000.0
8,85,2,6,0,8.0,52000.0
0,177,2,14,0,256.0,63500.0
12,85,2,6,0,32.0,12500.0
17,85,1,10,2,64.0,19500.0
13,148,2,21,2,128.0,32001.0
10,85,2,10,0,10.0,76500.0
4,85,0,6,2,4.0,28750.0
7,85,2,4,2,16.0,48500.0
12,85,2,21,0,6.0,18500.0
8,85,2,11,0,6.0,4500.0
16,85,2,3,0,96.0,28500.0
0,193,0,24,1,256.0,362990.0
16,109,2,10,0,96.0,29000.0
16,85,2,11,0,96.0,18500.0
8,28,2,6,0,128.0,12999.0
1,94,2,10,2,128.0,69994.0
11,85,1,4,2,96.0,8990.0
15,85,2,0,0,256.0,79000.0
16,85,2,6,1,256.0,25999.0
10,85,2,10,0,10.0,76500.0
13,148,2,21,2,128.0,31996.0
0,176,2,21,2,256.0,82497.0
7,85,2,4,2,16.0,168000.0
1,89,0,11,1,128.0,70000.0
12,69,2,21,0,128.0,30000.0
15,85,2,6,0,12.0,70000.0
0,176,2,6,2,256.0,84999.0
1,90,2,11,2,128.0,60000.0
16,106,2,10,0,96.0,17000.0
0,175,2,10,0,256.0,69000.0
0,189,2,0,0,256.0,212000.0
16,85,2,6,2,512.0,149990.0
13,85,2,21,0,128.0,42000.0
1,85,0,4,2,16.0,233990.0
16,85,2,3,0,512.0,76500.0
4,126,2,16,0,8.0,23000.0
1,92,2,21,2,128.0,47996.0
0,195,2,10,2,512.0,438500.0
16,117,2,0,0,96.0,28000.0
3,79,2,10,0,8.0,12000.0
1,98,2,10,2,128.0,89994.0
16,85,2,3,0,96.0,23500.0
12,85,2,21,0,4.0,23500.0
0,189,2,21,0,128.0,210000.0
0,193,2,11,1,256.0,289990.0
0,190,2,24,0,256.0,218000.0
2,85,0,4,2,12.0,63000.0
0,175,2,21,2,128.0,66501.0
1,103,2,21,2,256.0,128000.0
3,85,2,6,0,8.0,14900.0
16,85,2,20,0,96.0,32000.0
15,158,2,10,0,12.0,16500.0
4,77,2,12,0,8.0,50000.0
12,44,2,21,0,128.0,20000.0
0,176,2,3,0,256.0,63000.0
12,85,0,6,2,128.0,48000.0
0,185,2,4,2,128.0,119999.0
15,170,2,3,2,64.0,11000.0
10,85,2,4,0,4.0,21500.0
12,67,2,3,0,128.0,185000.0
16,85,2,6,0,96.0,19000.0
17,85,0,6,2,8.0,49500.0
6,85,2,4,0,32.0,15000.0
11,85,1,9,0,96.0,11500.0
15,85,2,21,0,12.0,12000.0
15,85,2,6,2,16.0,258990.0
17,30,2,10,0,8.0,17000.0
12,85,2,11,1,128.0,89999.0
0,184,2,12,0,256.0,168000.0
12,85,2,21,0,128.0,55000.0
2,85,0,4,2,4.0,34490.0
12,85,2,21,0,128.0,13000.0
13,152,2,10,2,6.0,34990.0
0,180,2,24,0,256.0,115000.0
18,85,2,8,0,4.0,15000.0
7,85,0,0,2,256.0,39000.0
16,85,2,4,2,8.0,56500.0
12,85,0,3,2,128.0,7800.0
14,129,0,6,2,6.0,31500.0
3,85,2,6,0,8.0,14000.0
15,85,2,9,2,8.0,13998.0
6,85,1,6,1,12.0,6490.0
14,85,0,4,2,25.0,68990.0
15,174,2,6,2,12.0,9900.0
4,77,2,1,0,8.0,60000.0
12,85,2,24,0,128.0,12000.0
14,39,0,2,0,8.0,65000.0
6,0,2,10,0,12.0,4000.0
15,85,2,3,0,12.0,28000.0
12,68,0,24,2,128.0,287900.0
0,189,2,6,0,256.0,184000.0
15,137,2,22,2,12.0,104500.0
6,11,0,10,2,12.0,7990.0
4,72,0,6,2,8.0,55990.0
12,64,2,11,1,256.0,119000.0
17,84,2,21,0,8.0,40000.0
12,85,2,21,0,128.0,40000.0
3,85,2,6,0,8.0,43000.0
0,175,2,12,2,256.0,65000.0
16,85,0,10,2,128.0,72900.0
12,85,2,11,2,128.0,64990.0
16,85,0,24,1,256.0,54990.0
16,85,0,24,1,128.0,45490.0
16,85,2,3,1,256.0,32000.0
1,85,2,6,0,128.0,13000.0
14,85,1,6,2,256.0,73500.0
2,85,0,4,1,256.0,46990.0
15,85,2,0,1,8.0,49500.0
4,85,0,4,2,128.0,34990.0
12,85,2,3,0,128.0,20000.0
2,85,0,4,0,4.0,29999.0
0,204,2,18,0,256.0,37000.0
16,85,0,10,1,96.0,85000.0
14,85,0,6,2,6.0,36500.0
1,94,2,11,2,128.0,69990.0
0,85,2,6,2,512.0,269990.0
0,85,2,18,0,256.0,115000.0
16,85,2,11,0,96.0,35000.0
12,46,0,0,0,128.0,35000.0
17,85,2,6,0,4.0,16500.0
4,70,2,3,0,8.0,28000.0
0,197,2,11,0,128.0,13500.0
12,46,0,6,2,128.0,28000.0
7,85,2,0,1,256.0,67500.0
3,85,2,6,0,2.0,6500.0
7,85,2,3,0,16.0,85000.0
15,85,2,6,2,12.0,9900.0
0,186,2,10,1,256.0,179000.0
8,85,2,4,2,8.0,28000.0
15,85,2,3,0,12.0,30000.0
1,86,2,10,0,128.0,17000.0
17,85,2,4,2,8.0,30000.0
10,85,2,24,1,128.0,33000.0
0,189,2,21,2,256.0,194500.0
7,85,2,10,1,256.0,54000.0
0,179,2,9,2,512.0,84999.0
16,85,2,6,1,8.0,44990.0
0,201,2,21,0,256.0,40000.0
15,85,2,3,0,12.0,48000.0
8,85,2,21,0,8.0,26500.0
0,85,2,9,2,128.0,82999.0
15,173,2,6,0,6.0,5000.0
7,85,2,11,1,256.0,46900.0
8,85,2,6,2,256.0,40000.0
12,85,2,6,2,256.0,98000.0
12,85,2,21,0,6.0,23000.0
14,85,0,6,2,128.0,31500.0
15,85,2,10,0,12.0,38000.0
13,143,2,6,2,256.0,59000.0
6,11,0,10,2,12.0,7991.0
0,200,2,11,0,256.0,26000.0
13,85,2,6,2,256.0,59900.0
0,197,2,10,0,256.0,16000.0
16,107,2,22,0,96.0,25500.0
0,186,2,11,1,256.0,159990.0
12,85,2,6,0,128.0,45000.0
8,15,2,11,0,8.0,30000.0
12,85,2,14,0,128.0,7500.0
12,85,2,21,0,128.0,8500.0
16,85,2,11,0,128.0,30500.0
13,85,2,6,2,6.0,40000.0
15,158,2,21,0,12.0,20000.0
7,85,0,4,2,16.0,189990.0
0,175,2,3,0,256.0,69000.0
0,178,2,24,0,256.0,43000.0
7,85,0,4,2,256.0,69000.0
13,147,2,6,2,256.0,105000.0
8,85,2,21,0,8.0,25000.0
12,85,0,12,0,128.0,85000.0
16,85,2,10,0,96.0,26000.0
13,148,2,21,2,128.0,32000.0
6,0,2,10,0,12.0,3500.0
1,85,2,6,2,128.0,85000.0
14,129,0,6,2,6.0,32000.0
8,25,2,6,0,8.0,28000.0
15,171,2,6,0,12.0,6500.0
13,153,2,10,2,128.0,24997.0
10,85,1,4,2,10.0,4800.0
16,110,2,21,0,96.0,28000.0
13,153,2,10,2,128.0,24998.0
15,85,2,10,0,256.0,32000.0
16,5,2,6,0,96.0,18500.0
9,85,2,11,0,256.0,38000.0
12,56,0,10,2,128.0,76900.0
12,85,2,6,0,128.0,8500.0
13,85,2,10,2,6.0,34990.0
3,85,1,4,2,8.0,14800.0
0,196,2,11,0,256.0,15000.0
12,63,2,0,0,128.0,70500.0
0,200,2,21,0,64.0,37000.0
1,85,2,6,2,128.0,72000.0
0,85,0,24,2,256.0,423900.0
12,85,2,10,0,12.0,182000.0
15,85,2,0,0,12.0,45000.0
1,95,2,4,0,128.0,55000.0
0,200,2,11,0,256.0,23500.0
16,117,2,3,1,64.0,18000.0
15,85,0,3,0,12.0,61500.0
7,85,2,0,0,16.0,136000.0
1,85,2,11,2,128.0,50000.0
16,85,2,11,0,8.0,10000.0
3,82,2,6,2,6.0,22990.0
7,85,2,6,0,16.0,25500.0
16,110,2,6,0,256.0,27000.0
8,85,2,10,0,6.0,23500.0
7,85,2,6,2,128.0,35000.0
0,85,2,0,0,256.0,22000.0
15,85,2,3,1,128.0,63000.0
16,85,0,24,1,256.0,46990.0
1,95,2,6,2,128.0,85900.0
11,85,1,4,2,96.0,10900.0
8,85,0,6,2,8.0,72990.0
16,85,2,6,2,96.0,25990.0
16,85,2,3,0,512.0,85000.0
16,85,2,3,0,96.0,21500.0
16,85,2,6,2,6.0,21900.0
1,95,0,11,0,128.0,90000.0
0,188,2,6,2,128.0,152900.0
3,85,2,6,0,8.0,3500.0
0,184,2,6,2,128.0,164999.0
4,85,1,6,2,4.0,23980.0
16,117,2,3,0,96.0,24500.0
16,106,2,4,2,96.0,18000.0
4,126,2,18,0,8.0,25000.0
15,85,2,10,0,12.0,19000.0
0,183,2,11,0,256.0,127000.0
1,100,2,21,2,128.0,56001.0
16,85,2,6,2,6.0,32900.0
15,85,2,0,0,12.0,9999.0
15,85,2,6,2,12.0,13500.0
16,113,0,10,0,96.0,42999.0
6,85,1,6,1,12.0,5990.0
14,38,0,6,2,8.0,65900.0
16,110,2,0,0,96.0,21000.0
12,85,0,18,0,128.0,27500.0
16,85,2,3,0,96.0,19500.0
8,14,2,11,0,8.0,12000.0
0,187,2,3,0,256.0,198000.0
4,85,0,6,2,8.0,46990.0
8,27,2,10,0,8.0,23000.0
1,102,2,10,2,128.0,89990.0
12,85,2,6,2,12.0,198900.0
6,85,0,17,0,12.0,2799.0
7,85,2,0,0,16.0,28500.0
12,67,2,10,0,128.0,180000.0
6,10,0,10,2,12.0,5990.0
16,85,2,6,0,96.0,31500.0
16,5,2,0,0,96.0,18000.0
12,85,2,21,0,128.0,3000.0
13,85,2,10,2,64.0,28000.0
14,85,2,6,2,8.0,52900.0
1,95,2,11,0,128.0,95000.0
13,155,2,3,0,64.0,9000.0
8,85,2,4,2,8.0,9499.0
13,148,2,4,2,128.0,38090.0
0,182,2,10,1,128.0,89999.0
4,85,0,4,2,256.0,69990.0
0,195,0,11,1,255.0,415900.0
1,85,2,6,2,128.0,72500.0
0,187,2,10,0,256.0,210000.0
14,85,0,6,2,128.0,31990.0
4,73,0,6,2,8.0,74990.0
13,85,2,10,2,64.0,24998.0
14,132,2,10,0,8.0,19500.0
16,85,2,21,0,96.0,14000.0
8,85,2,6,0,8.0,10000.0
4,85,0,4,2,256.0,73990.0
14,85,2,6,0,8.0,29000.0
8,19,2,21,0,8.0,12000.0
0,184,2,3,0,256.0,136000.0
12,50,2,12,0,128.0,35000.0
8,85,2,6,0,6.0,11000.0
1,95,2,10,0,128.0,55000.0
6,36,2,10,0,32.0,12500.0
10,85,2,6,2,128.0,29000.0
16,107,2,11,0,96.0,12000.0
13,143,2,6,2,256.0,59000.0
7,85,0,24,2,256.0,39000.0
0,176,2,11,0,256.0,77000.0
16,85,2,6,0,4.0,23500.0
15,85,2,3,0,4.0,19000.0
1,100,2,21,2,128.0,55998.0
0,187,2,10,2,128.0,189900.0
10,85,2,6,0,64.0,11999.0
13,144,2,6,2,256.0,59900.0
3,85,2,6,2,64.0,14000.0
1,85,2,4,2,8.0,67990.0
15,173,2,10,0,6.0,10000.0
8,12,2,21,0,8.0,13500.0
12,85,2,24,0,128.0,10500.0
0,185,2,3,0,128.0,118500.0
4,85,1,6,2,256.0,67000.0
17,85,2,6,0,8.0,55000.0
12,63,2,10,0,128.0,85000.0
18,85,2,0,0,4.0,25000.0
16,85,2,24,0,96.0,21500.0
1,95,2,21,0,128.0,80000.0
2,85,0,4,2,4.0,29990.0
4,71,0,10,0,8.0,64999.0
17,85,2,21,0,8.0,35000.0
10,41,2,0,0,8.0,77000.0
16,111,2,6,0,96.0,35000.0
13,152,2,10,2,6.0,34990.0
1,101,2,21,2,128.0,87998.0
13,155,2,21,0,128.0,14000.0
8,28,2,9,0,8.0,18500.0
17,207,2,11,0,8.0,26000.0
6,32,2,16,0,12.0,2000.0
0,178,2,3,0,256.0,68500.0
12,85,2,6,0,128.0,40500.0
10,85,0,4,2,4.0,27490.0
12,85,2,18,2,256.0,104990.0
16,85,2,24,1,256.0,42500.0
0,179,2,21,2,256.0,99497.0
16,85,2,0,0,96.0,30000.0
4,125,2,16,0,8.0,24500.0
7,85,2,3,0,16.0,87500.0
4,85,0,4,2,6.0,36990.0
3,85,2,10,0,3.0,9950.0
2,85,0,4,2,512.0,419900.0
4,77,2,4,0,8.0,59000.0
12,85,2,21,0,128.0,65000.0
16,85,2,3,0,96.0,65000.0
1,85,2,6,2,128.0,65000.0
12,49,2,18,0,128.0,9000.0
16,85,2,6,0,96.0,25000.0
0,191,0,24,1,128.0,219990.0
1,85,0,4,2,8.0,115990.0
0,182,0,24,1,128.0,164990.0
17,85,2,10,0,16.0,6500.0
7,85,0,4,2,16.0,259990.0
15,138,2,6,2,16.0,269900.0
0,204,2,21,0,256.0,49500.0
9,85,1,3,0,96.0,2300.0
2,85,0,4,2,12.0,114990.0
8,85,2,11,0,8.0,170000.0
13,85,2,4,2,12.0,49990.0
12,85,2,10,2,128.0,54997.0
4,85,2,4,2,6.0,26000.0
13,85,2,4,2,64.0,19500.0
0,187,2,24,1,128.0,170000.0
16,85,0,3,1,64.0,32000.0
8,18,0,6,2,4.0,32900.0
1,102,2,10,2,128.0,89990.0
0,190,2,10,0,256.0,215000.0
13,148,2,21,2,128.0,32002.0
13,85,2,10,2,256.0,130000.0
3,81,2,6,0,8.0,18000.0
13,155,2,6,0,128.0,10000.0
7,85,0,4,2,12.0,139900.0
10,85,0,4,2,4.0,29990.0
0,187,2,24,1,256.0,258000.0
4,85,0,6,2,128.0,28500.0
13,148,2,21,2,128.0,31900.0
7,85,2,6,0,256.0,25990.0
12,85,2,0,0,4.0,15500.0
17,85,1,6,2,8.0,62990.0
15,134,2,0,2,12.0,59500.0
10,41,2,3,2,8.0,89500.0
12,85,2,21,0,128.0,30000.0
10,85,2,6,1,256.0,39000.0
16,85,2,4,2,256.0,41500.0
4,126,0,6,0,8.0,29000.0
1,104,2,10,2,128.0,119991.0
13,85,2,4,2,8.0,56990.0
3,85,2,6,2,2.0,11990.0
0,178,2,10,2,128.0,69500.0
2,85,2,20,0,6.0,24000.0
8,85,2,6,0,8.0,35000.0
7,85,0,4,2,12.0,169050.0
0,187,2,6,2,128.0,209999.0
12,64,2,21,0,128.0,109000.0
18,22,0,19,2,4.0,20900.0
0,181,2,21,0,128.0,65000.0
12,85,2,3,0,12.0,142500.0
16,111,2,3,0,96.0,38000.0
15,85,2,4,2,8.0,12500.0
0,203,2,10,0,256.0,37000.0
1,92,2,21,2,128.0,47498.0
12,67,2,3,0,128.0,198000.0
14,85,2,10,0,4.0,16950.0
16,85,0,10,1,96.0,79999.0
10,85,0,6,1,256.0,58200.0
0,199,2,21,0,256.0,26000.0
8,85,2,6,0,8.0,12000.0
15,171,2,21,0,12.0,10000.0
0,186,2,11,0,256.0,165000.0
7,85,2,11,0,16.0,45000.0
16,85,0,3,2,96.0,14600.0
0,188,0,6,2,128.0,195900.0
13,148,2,21,2,128.0,31950.0
0,176,2,21,0,256.0,48500.0
4,77,2,6,0,8.0,63900.0
0,197,2,11,0,256.0,17500.0
10,85,2,22,2,8.0,43500.0
12,85,2,11,2,256.0,170000.0
0,193,2,18,0,256.0,235000.0
6,85,0,6,1,12.0,19990.0
3,165,2,6,0,8.0,2000.0
17,85,0,6,1,8.0,29200.0
7,3,2,6,2,12.0,129900.0
1,85,0,4,2,16.0,239990.0
16,85,2,10,0,96.0,13000.0
15,85,2,4,2,8.0,12500.0
7,85,2,6,2,128.0,35000.0
0,179,2,0,0,256.0,98000.0
2,85,0,4,2,8.0,54990.0
12,85,2,10,0,32.0,13000.0
7,85,2,4,0,256.0,82500.0
16,112,0,6,2,96.0,46000.0
12,85,2,10,2,128.0,64999.0
3,85,1,6,0,8.0,7900.0
16,85,2,0,1,96.0,79500.0
8,19,2,3,0,8.0,15000.0
9,85,1,10,1,96.0,144999.0
3,85,2,9,2,6.0,24999.0
10,41,2,0,2,8.0,79500.0
5,85,2,5,0,256.0,22000.0
12,85,2,3,0,128.0,88500.0
13,85,2,4,2,256.0,57900.0
15,85,2,3,0,12.0,86500.0
8,14,2,21,0,8.0,10500.0
17,85,2,10,0,8.0,38000.0
10,85,2,10,0,10.0,56500.0
7,85,0,4,2,16.0,257050.0
8,85,2,6,2,8.0,32990.0
12,57,2,14,0,128.0,30000.0
4,77,0,10,0,8.0,79999.0
12,85,2,21,0,128.0,55000.0
7,6,0,4,2,16.0,229050.0
12,42,2,11,0,128.0,14000.0
0,181,2,18,0,256.0,35000.0
16,85,1,10,1,96.0,51000.0
17,85,0,6,2,4.0,34750.0
10,85,2,6,2,128.0,48000.0
14,85,2,10,0,8.0,26000.0
8,13,2,10,0,8.0,18000.0
12,85,2,0,0,128.0,6000.0
10,85,2,6,1,256.0,26999.0
16,5,2,3,0,96.0,29000.0
12,85,2,6,0,128.0,5500.0
6,85,0,4,2,12.0,2990.0
13,144,2,6,2,256.0,59900.0
2,85,2,1,0,256.0,75000.0
5,85,2,3,0,256.0,45000.0
16,110,2,24,0,96.0,25500.0
7,85,2,0,0,128.0,51000.0
4,125,2,10,0,64.0,25000.0
12,85,0,10,0,6.0,49500.0
16,115,2,3,0,96.0,23000.0
13,153,2,10,2,128.0,23990.0
3,85,2,4,0,8.0,9500.0
7,85,2,0,2,8.0,62500.0
8,19,2,24,0,8.0,12500.0
6,85,0,10,0,12.0,39999.0
0,204,2,0,0,256.0,61000.0
4,85,1,6,2,8.0,29990.0
17,30,2,9,0,8.0,18000.0
0,190,2,11,1,256.0,228900.0
16,109,2,10,0,96.0,35000.0
10,35,2,4,0,64.0,9900.0
4,77,0,6,1,256.0,75000.0
0,199,2,3,0,256.0,23000.0
7,85,2,6,2,12.0,59990.0
16,112,2,10,0,96.0,48500.0
0,191,0,24,1,128.0,249990.0
8,85,2,21,0,8.0,28000.0
0,179,2,21,0,128.0,65000.0
1,85,1,10,2,128.0,2990.0
14,38,2,6,2,8.0,52900.0
16,106,2,9,0,96.0,21500.0
5,85,2,22,1,256.0,43500.0
16,124,2,3,1,256.0,55000.0
15,85,2,3,0,12.0,50000.0
8,85,2,9,2,8.0,14998.0
1,93,2,6,0,128.0,62000.0
15,171,2,11,0,12.0,9000.0
0,175,2,3,0,256.0,67000.0
0,85,2,3,0,256.0,250000.0
7,85,1,9,0,16.0,14500.0
16,107,2,22,0,96.0,22500.0
8,85,2,10,0,8.0,5500.0
16,118,2,11,0,96.0,25000.0
14,85,0,4,2,256.0,61970.0
2,133,2,4,2,12.0,100000.0
1,85,0,4,2,16.0,219902.0
4,85,0,4,2,8.0,36500.0
12,85,2,6,2,12.0,119900.0
13,144,2,6,2,256.0,59000.0
16,114,2,11,0,96.0,14000.0
1,94,2,11,2,128.0,68000.0
15,85,2,10,0,12.0,18000.0
16,85,2,4,0,96.0,90000.0
15,85,2,3,0,256.0,67500.0
17,207,2,6,0,8.0,26000.0
1,92,2,6,0,128.0,38000.0
12,65,0,11,2,256.0,114990.0
0,202,2,21,2,256.0,47500.0
12,85,2,3,0,128.0,12500.0
13,85,2,4,2,256.0,94990.0
12,58,2,24,0,128.0,95000.0
10,85,2,22,1,10.0,42000.0
6,0,2,20,0,12.0,3500.0
15,170,2,3,0,12.0,8000.0
1,96,2,6,2,12.0,89900.0
16,120,2,21,0,96.0,30000.0
15,171,2,10,0,128.0,10000.0
15,85,2,6,2,16.0,258990.0
15,85,0,6,2,16.0,449900.0
0,179,2,21,0,128.0,81500.0
0,190,2,18,0,256.0,235000.0
3,85,2,6,0,8.0,8000.0
10,85,2,11,0,10.0,110000.0
0,178,2,21,2,128.0,79500.0
16,85,2,10,0,96.0,17000.0
12,85,2,10,2,128.0,54999.0
0,184,2,24,0,256.0,125000.0
1,85,2,21,0,128.0,20000.0
16,106,2,6,0,96.0,18000.0
16,85,2,0,0,128.0,41500.0
0,177,2,3,1,64.0,42000.0
0,176,2,11,0,256.0,73000.0
12,50,2,21,0,128.0,29500.0
3,85,2,6,2,8.0,14000.0
17,29,2,10,0,8.0,18000.0
4,70,2,10,0,8.0,30000.0
11,85,1,4,0,96.0,12000.0
15,170,2,3,1,64.0,11000.0
0,185,2,6,2,256.0,127000.0
1,103,2,6,0,128.0,114000.0
1,85,2,10,2,128.0,89993.0
15,85,2,10,0,12.0,197000.0
17,31,0,4,2,8.0,26998.0
14,40,0,6,2,256.0,72900.0
6,85,0,20,0,12.0,2700.0
12,85,2,10,0,128.0,8000.0
15,85,2,3,0,12.0,25000.0
12,85,2,21,0,128.0,9000.0
16,85,2,0,0,96.0,25000.0
13,85,2,10,2,64.0,22000.0
1,85,0,4,2,8.0,148990.0
12,85,2,6,2,256.0,75000.0
14,40,0,6,2,256.0,72950.0
17,27,0,1,2,128.0,29800.0
16,85,2,3,0,96.0,29000.0
4,85,2,6,0,8.0,75000.0
0,85,2,11,0,256.0,14500.0
13,148,2,21,2,128.0,32499.0
7,85,2,19,0,16.0,55000.0
0,205,2,24,0,256.0,55000.0
16,85,2,11,0,256.0,40000.0
1,100,2,21,2,128.0,56499.0
9,85,1,6,2,96.0,5950.0
14,129,0,6,2,6.0,31900.0
6,0,2,10,0,12.0,3000.0
15,85,0,6,2,4.0,23750.0
12,63,0,18,2,256.0,89990.0
12,85,2,10,0,128.0,26000.0
3,85,2,20,0,8.0,6500.0
6,85,0,6,1,12.0,9990.0
0,179,2,3,0,256.0,103000.0
1,95,2,11,0,128.0,69500.0
12,65,2,24,0,128.0,55000.0
2,85,1,6,2,16.0,87990.0
16,106,2,6,0,96.0,18500.0
15,161,2,11,0,12.0,35000.0
14,85,1,6,2,6.0,34990.0
1,101,0,24,1,256.0,149990.0
0,192,2,4,2,128.0,255000.0
3,79,2,10,0,128.0,12000.0
8,85,2,4,0,16.0,26000.0
1,85,0,4,2,8.0,136990.0
0,202,2,24,0,256.0,40000.0
8,18,0,6,2,4.0,32900.0
0,178,2,21,2,128.0,79995.0
3,164,2,6,0,8.0,6500.0
0,188,0,4,1,128.0,178990.0
16,85,2,14,0,96.0,30000.0
10,85,2,4,0,10.0,10500.0
14,85,2,21,0,8.0,60000.0
17,85,0,4,2,8.0,37699.0
12,60,2,0,0,128.0,20000.0
0,180,2,21,0,256.0,93500.0
16,107,2,14,0,96.0,29000.0
10,85,2,4,0,10.0,14000.0
16,85,2,0,0,256.0,39500.0
12,52,2,0,0,128.0,23500.0
15,85,2,11,0,12.0,19000.0
4,85,0,4,2,256.0,73490.0
8,85,2,21,0,8.0,28000.0
12,85,2,11,2,64.0,39000.0
0,188,0,24,1,128.0,199990.0
16,85,2,21,0,96.0,25000.0
16,116,2,11,0,96.0,20000.0
8,24,2,21,0,8.0,24500.0
13,149,2,11,2,128.0,48000.0
17,85,2,10,0,8.0,45000.0
0,187,2,10,0,256.0,181000.0
15,139,0,4,2,16.0,459900.0
15,161,2,6,0,12.0,10500.0
0,180,2,6,2,256.0,129500.0
15,85,0,10,2,12.0,269000.0
14,85,2,1,0,8.0,15000.0
17,27,0,22,2,128.0,29800.0
0,184,2,12,0,256.0,150000.0
0,185,2,3,0,256.0,120000.0
4,85,1,11,1,8.0,66900.0
10,85,2,6,2,128.0,48000.0
13,85,2,6,2,128.0,40000.0
3,169,2,21,0,8.0,13500.0
16,110,2,3,0,96.0,30000.0
10,85,2,24,0,10.0,31500.0
1,91,2,13,0,128.0,54000.0
7,85,0,4,2,12.0,174989.0
0,190,2,11,0,256.0,224000.0
16,85,0,24,1,128.0,29990.0
16,120,2,0,0,96.0,38499.0
3,81,2,10,0,8.0,12000.0
6,85,2,10,0,12.0,3500.0
6,9,0,10,2,12.0,5990.0
1,102,2,10,2,128.0,89990.0
0,176,2,12,0,256.0,48500.0
10,85,2,6,0,64.0,14500.0
8,85,2,10,0,8.0,55000.0
10,85,2,4,2,8.0,58500.0
6,85,0,4,2,6.0,38490.0
0,201,2,21,0,64.0,34500.0
16,116,2,11,0,96.0,16000.0
0,85,2,11,2,256.0,56500.0
8,85,2,3,0,8.0,30000.0
2,85,2,4,0,256.0,50000.0
2,85,2,8,0,12.0,20000.0
1,93,2,3,1,128.0,52000.0
0,188,2,0,0,256.0,145000.0
0,197,2,0,0,256.0,18000.0
12,85,2,6,2,8.0,39990.0
7,85,2,6,2,128.0,35000.0
16,85,1,4,2,96.0,6000.0
17,85,0,11,0,8.0,21300.0
3,81,2,11,0,8.0,22000.0
13,153,2,10,2,128.0,24997.0
16,120,2,0,0,96.0,50000.0
14,39,2,13,1,8.0,49000.0
17,29,2,10,0,8.0,15000.0
15,85,2,3,2,64.0,11000.0
4,85,0,6,2,256.0,67500.0
0,187,2,3,0,256.0,195000.0
8,85,2,3,0,256.0,62500.0
12,65,2,3,0,128.0,68500.0
16,85,2,4,2,4.0,18000.0
0,179,2,21,2,128.0,89999.0
16,85,2,6,0,96.0,19000.0
13,146,2,6,2,256.0,105000.0
1,102,2,6,2,128.0,89000.0
15,159,2,4,1,8.0,14500.0
3,85,2,4,0,8.0,24500.0
4,85,0,10,2,256.0,79900.0
16,5,2,10,0,96.0,22999.0
13,85,2,4,2,4.0,23990.0
0,176,2,6,0,256.0,65000.0
16,111,2,6,0,96.0,26000.0
9,85,1,18,0,96.0,1000.0
12,66,2,6,0,128.0,115000.0
10,85,2,3,0,10.0,57500.0
1,95,2,21,2,128.0,84900.0
3,85,2,6,0,8.0,13500.0
8,85,2,4,2,4.0,23000.0
1,85,2,11,2,128.0,82000.0
18,85,0,6,2,8.0,19750.0
12,64,2,18,0,128.0,87500.0
0,85,2,3,0,256.0,18000.0
12,85,0,11,1,12.0,109990.0
2,85,0,0,0,256.0,124900.0
15,85,2,10,1,256.0,39000.0
0,195,2,24,1,256.0,439990.0
12,60,2,10,0,128.0,5000.0
4,78,0,6,2,8.0,73490.0
16,85,2,0,0,256.0,57500.0
13,85,2,18,0,128.0,26500.0
13,85,2,4,2,4.0,16990.0
15,157,0,6,2,4.0,28990.0
0,176,2,21,0,256.0,72000.0
8,28,2,11,0,8.0,17500.0
4,73,0,6,2,8.0,67000.0
14,108,2,1,0,8.0,15000.0
0,183,2,21,2,256.0,136497.0
3,85,2,6,0,8.0,20000.0
3,85,1,6,0,8.0,6500.0
13,142,2,6,2,128.0,41000.0
12,52,2,10,0,128.0,22000.0
0,190,2,10,1,256.0,239000.0
0,194,0,24,1,256.0,264990.0
15,171,2,3,0,12.0,7500.0
15,85,2,10,0,12.0,10000.0
12,85,0,24,1,256.0,274990.0
12,68,2,3,0,128.0,240000.0
1,85,0,4,2,8.0,139902.0
8,85,2,3,0,8.0,15000.0
16,85,2,0,1,128.0,46500.0
15,85,2,10,0,12.0,13000.0
7,85,2,4,2,16.0,200000.0
0,189,2,10,2,256.0,224900.0
6,0,2,6,0,12.0,3200.0
10,85,2,21,0,10.0,26500.0
0,175,2,3,0,256.0,63000.0
4,75,0,6,2,6.0,37250.0
12,63,0,11,2,256.0,89990.0
16,85,0,10,0,96.0,125999.0
12,85,0,10,1,128.0,54500.0
4,127,2,6,0,64.0,11000.0
12,85,2,3,0,128.0,63000.0
8,24,2,11,0,8.0,7500.0
6,33,2,6,0,12.0,3500.0
15,157,0,6,2,4.0,28750.0
1,85,2,4,2,256.0,108990.0
8,16,2,10,0,8.0,23500.0
12,85,2,10,0,128.0,2300.0
6,0,2,6,0,12.0,2500.0
12,69,2,11,0,128.0,19000.0
18,21,0,4,2,8.0,22999.0
9,85,1,6,2,96.0,4700.0
10,85,2,12,0,10.0,16000.0
17,85,2,6,0,8.0,23500.0
16,85,2,4,2,96.0,41500.0
14,85,0,6,2,4.0,28500.0
16,133,0,10,2,96.0,12500.0
13,85,2,6,0,128.0,16500.0
12,85,2,6,0,128.0,28000.0
0,182,2,6,2,128.0,101999.0
13,85,2,10,2,128.0,37990.0
12,62,2,21,0,128.0,55000.0
8,85,2,24,1,256.0,75000.0
6,9,0,10,2,12.0,6990.0
15,171,2,10,0,12.0,10000.0
4,74,2,11,0,8.0,36000.0
1,103,2,4,2,128.0,118900.0
14,85,0,6,2,4.0,28500.0
16,85,2,3,0,96.0,25000.0
7,3,2,6,2,12.0,129900.0
8,85,2,6,2,12.0,32990.0
17,85,2,4,0,8.0,25000.0
3,85,2,10,0,4.0,12500.0
17,85,2,4,0,8.0,25500.0
6,85,2,10,0,12.0,13000.0
15,158,2,4,2,12.0,13500.0
11,85,1,4,0,96.0,11000.0
15,85,2,3,0,12.0,30000.0
15,173,2,4,2,6.0,9300.0
0,183,2,11,0,256.0,138000.0
13,148,2,21,2,128.0,31990.0
12,85,2,6,0,128.0,15000.0
8,85,2,11,1,8.0,64999.0
3,85,2,10,0,8.0,18000.0
16,85,2,0,0,96.0,47000.0
12,85,2,11,1,128.0,64999.0
12,85,2,11,0,128.0,30000.0
17,85,2,21,0,8.0,25000.0
1,85,0,4,2,16.0,219990.0
1,85,2,11,0,128.0,78000.0
15,160,2,4,2,8.0,11990.0
16,85,2,0,0,96.0,12000.0
0,85,0,10,1,256.0,398000.0
3,79,2,22,0,8.0,9500.0
12,85,2,18,0,128.0,12500.0
2,85,1,4,2,12.0,13500.0
12,60,2,6,0,128.0,12000.0
18,85,2,2,0,4.0,9000.0
1,85,2,4,2,12.0,108990.0
10,85,2,5,0,10.0,16000.0
5,85,2,10,0,256.0,56000.0
17,85,0,4,2,5.0,64781.0
7,85,2,6,2,128.0,35000.0
1,93,2,9,0,128.0,59000.0
12,68,2,21,0,128.0,245000.0
12,85,2,0,0,128.0,11000.0
12,85,2,3,0,128.0,40000.0
12,85,2,11,0,8.0,68000.0
15,85,2,3,0,12.0,197500.0
15,85,0,3,2,12.0,269000.0
8,15,2,12,0,8.0,14000.0
0,186,2,10,2,128.0,165000.0
1,89,2,6,2,128.0,55900.0
16,85,2,6,0,256.0,50000.0
6,33,2,16,0,12.0,5000.0
8,28,2,20,0,8.0,20000.0
12,85,2,6,0,32.0,7000.0
14,40,0,6,2,256.0,73450.0
4,125,0,4,2,8.0,25900.0
6,85,0,4,2,4.0,27490.0
3,85,2,6,0,8.0,17000.0
12,85,2,0,0,4.0,16500.0
10,85,2,4,0,10.0,38000.0
6,33,2,16,0,12.0,5000.0
15,85,2,6,0,256.0,30000.0
13,148,2,4,2,128.0,38000.0
9,85,1,11,0,96.0,1000.0
12,85,2,10,2,256.0,248500.0
8,15,2,6,0,8.0,11000.0
12,85,1,12,0,128.0,7500.0
8,85,2,6,2,256.0,40000.0
12,85,2,3,0,128.0,80000.0
10,85,2,24,1,256.0,69999.0
1,94,2,11,2,128.0,68990.0
8,13,2,15,0,8.0,24000.0
12,85,2,21,0,128.0,25000.0
14,85,2,6,0,8.0,24000.0
12,85,2,21,0,128.0,56500.0
12,46,2,6,0,128.0,25000.0
14,85,0,6,2,6.0,31900.0
12,62,2,0,0,128.0,55000.0
10,85,2,24,1,10.0,85000.0
12,85,2,21,0,128.0,30000.0
12,85,2,24,1,128.0,34500.0
16,85,0,0,2,96.0,20600.0
1,101,2,21,2,128.0,87990.0
3,85,2,4,0,8.0,15000.0
12,63,2,21,0,128.0,45000.0
16,85,2,10,0,8.0,38500.0
16,85,2,0,0,256.0,41500.0
6,85,0,6,0,12.0,3490.0
1,85,0,10,2,128.0,199000.0
12,60,2,6,0,64.0,16500.0
7,85,2,10,2,8.0,44500.0
16,85,0,10,2,128.0,54900.0
15,85,0,11,1,16.0,269900.0
13,85,2,4,2,4.0,19990.0
3,85,2,10,0,8.0,18500.0
12,85,2,21,0,128.0,14500.0
0,175,2,3,1,128.0,28000.0
7,2,2,11,1,256.0,78000.0
0,188,2,11,0,256.0,139999.0
8,85,2,6,0,8.0,39500.0
4,71,2,10,0,8.0,70000.0
10,85,0,6,2,4.0,28990.0
16,85,2,0,0,96.0,40000.0
1,85,0,4,2,16.0,319990.0
16,85,2,0,0,128.0,26900.0
6,85,1,6,1,12.0,8490.0
16,85,2,0,0,96.0,23000.0
17,30,2,11,0,8.0,20000.0
10,85,2,10,0,4.0,20900.0
0,205,2,18,0,256.0,23000.0
1,94,2,10,2,128.0,69990.0
12,85,0,11,1,8.0,64900.0
7,85,2,0,1,256.0,115000.0
12,85,2,21,0,128.0,27000.0
4,75,0,6,2,6.0,36990.0
6,85,2,17,0,12.0,9500.0
7,85,2,24,1,256.0,128000.0
10,85,2,11,1,256.0,79900.0
16,85,2,0,0,256.0,38000.0
4,85,2,6,2,8.0,59990.0
1,85,0,4,2,8.0,95490.0
7,85,0,0,2,256.0,39000.0
10,85,2,6,2,6.0,24990.0
3,85,2,3,0,16.0,4800.0
15,171,2,8,0,12.0,6500.0
2,85,0,4,2,4.0,28990.0
12,85,2,24,0,128.0,14500.0
14,85,0,6,2,8.0,35250.0
16,85,2,22,0,96.0,14000.0
4,85,2,10,0,8.0,25000.0
16,85,2,6,2,512.0,139990.0
4,85,2,10,0,4.0,16800.0
0,180,2,3,0,256.0,115000.0
0,184,2,6,1,256.0,127000.0
8,85,2,6,0,8.0,26000.0
1,85,0,4,2,12.0,158990.0
6,11,0,10,2,12.0,7994.0
17,85,0,13,0,8.0,42000.0
12,60,2,11,0,128.0,11500.0
3,85,2,10,0,8.0,77000.0
8,24,2,21,0,8.0,13500.0
1,85,2,11,2,128.0,40000.0
3,85,2,8,0,8.0,21000.0
1,92,2,0,0,128.0,40000.0
18,85,2,6,2,4.0,13990.0
8,85,2,24,1,128.0,34500.0
17,85,0,4,2,8.0,71490.0
15,85,2,10,0,12.0,15000.0
12,66,2,21,0,256.0,115000.0
6,85,0,10,0,12.0,3600.0
3,169,2,3,0,8.0,27000.0
1,85,0,4,2,8.0,138490.0
8,85,2,4,0,8.0,35500.0
6,10,0,10,2,12.0,6990.0
10,85,0,6,1,10.0,28800.0
7,85,0,4,2,12.0,171990.0
1,85,2,11,0,128.0,39990.0
6,33,2,10,0,12.0,3700.0
8,85,2,11,1,16.0,59990.0
0,190,2,10,0,256.0,200000.0
0,189,0,24,1,256.0,329990.0
1,103,2,21,2,256.0,111999.0
12,85,2,10,2,256.0,124993.0
12,85,2,11,2,256.0,66000.0
16,110,2,10,0,96.0,27000.0
15,173,2,4,2,6.0,9300.0
16,85,2,0,0,96.0,65000.0
0,187,2,10,2,128.0,189900.0
0,180,2,3,0,256.0,110000.0
0,198,2,6,0,128.0,23000.0
12,49,2,3,0,32.0,8500.0
9,85,2,4,2,64.0,20500.0
1,85,2,11,2,128.0,60000.0
0,201,2,21,0,256.0,34500.0
14,85,1,6,2,8.0,34990.0
12,50,2,3,0,128.0,16500.0
16,85,2,6,2,96.0,139900.0
16,85,2,0,0,96.0,18000.0
16,85,2,6,0,96.0,25000.0
13,145,2,6,2,256.0,107500.0
17,206,0,6,2,256.0,64700.0
16,85,0,10,2,128.0,39900.0
8,23,2,6,0,8.0,22500.0
1,85,2,21,0,128.0,27000.0
16,5,2,0,0,96.0,12000.0
13,148,2,4,2,128.0,34090.0
0,202,2,21,0,256.0,36000.0
4,127,2,3,0,8.0,18000.0
12,55,2,3,0,128.0,43500.0
13,85,2,6,0,4.0,20000.0
13,85,2,4,2,6.0,29990.0
17,30,2,1,0,8.0,27000.0
16,85,2,4,2,96.0,56500.0
13,85,2,10,2,6.0,34998.0
2,85,2,4,0,12.0,65000.0
7,85,0,4,2,16.0,231990.0
13,149,2,10,2,128.0,39995.0
0,198,2,18,0,256.0,17000.0
3,85,2,10,0,8.0,9500.0
16,85,2,10,0,96.0,125000.0
6,85,2,4,0,12.0,2500.0
13,85,2,6,0,6.0,25500.0
16,117,2,6,0,96.0,25000.0
6,85,2,11,0,12.0,11000.0
14,39,2,4,0,8.0,67000.0
12,47,2,0,0,128.0,25000.0
0,175,2,10,2,128.0,59500.0
4,85,0,4,2,8.0,46990.0
6,10,0,10,2,12.0,5998.0
6,9,0,10,2,12.0,5990.0
1,101,2,10,2,128.0,89500.0
16,85,2,10,0,4.0,20000.0
10,34,2,21,0,10.0,7000.0
16,85,2,4,0,512.0,75000.0
6,33,2,6,0,12.0,7000.0
0,189,0,24,1,256.0,324990.0
6,11,0,6,1,12.0,8490.0
18,85,2,4,2,4.0,21000.0
14,131,2,4,0,8.0,14000.0
17,133,2,4,2,256.0,27999.0
12,47,2,6,0,128.0,24000.0
3,85,2,6,2,2.0,11990.0
12,85,2,21,0,128.0,6000.0
17,84,2,6,0,8.0,40000.0
3,85,2,0,0,8.0,10000.0
2,140,0,24,2,256.0,47900.0
1,85,0,10,2,256.0,299000.0
17,85,2,10,0,4.0,24000.0
12,85,2,21,0,128.0,43000.0
0,183,2,21,2,128.0,126498.0
16,118,2,11,0,96.0,15000.0
3,165,2,6,0,8.0,6000.0
3,169,2,4,0,8.0,16000.0
0,179,2,10,0,256.0,84000.0
12,85,2,3,0,128.0,26000.0
12,85,1,0,0,128.0,49900.0
12,85,0,24,1,128.0,49990.0
12,52,2,10,0,128.0,30500.0
8,85,2,6,2,16.0,389990.0
16,85,2,11,0,6.0,26500.0
1,85,2,10,2,128.0,119990.0
0,176,2,3,0,256.0,85000.0
13,85,2,10,1,128.0,52000.0
14,129,0,6,2,6.0,31950.0
16,85,2,18,0,96.0,52000.0
0,186,2,24,0,256.0,185000.0
8,85,2,6,0,8.0,35000.0
13,143,2,6,2,256.0,59900.0
3,166,2,10,0,8.0,12000.0
0,195,0,24,1,256.0,444990.0
17,85,2,21,0,8.0,20000.0
16,122,0,0,0,256.0,52500.0
12,85,2,11,2,128.0,49990.0
4,73,0,6,2,8.0,67990.0
15,85,2,11,0,12.0,28000.0
10,34,2,0,0,10.0,8500.0
14,85,2,6,1,5.0,49990.0
10,85,2,6,2,4.0,22990.0
1,102,2,11,2,128.0,93000.0
16,85,2,20,0,128.0,17000.0
0,182,2,21,2,128.0,99501.0
17,85,1,6,2,2.0,20990.0
16,85,2,10,0,128.0,40000.0
15,156,0,6,0,12.0,30000.0
15,85,2,5,0,3.0,19500.0
0,200,2,6,0,256.0,17500.0
16,117,2,10,0,96.0,24000.0
1,85,0,14,0,128.0,70000.0
11,85,1,4,2,96.0,13500.0
3,85,1,4,2,8.0,124800.0
2,85,2,4,2,12.0,75000.0
12,85,2,11,1,128.0,95900.0
13,85,2,10,0,128.0,25000.0
17,85,0,6,1,8.0,17000.0
3,85,2,9,0,8.0,24500.0
12,85,2,11,2,256.0,104990.0
6,85,2,6,0,12.0,4500.0
6,85,2,10,0,12.0,8500.0
7,85,0,4,2,12.0,159900.0
12,50,2,6,0,128.0,22000.0
0,176,2,21,2,256.0,82496.0
13,85,2,10,2,128.0,33000.0
12,85,2,6,2,128.0,12990.0
0,197,2,10,0,256.0,19000.0
7,85,0,4,2,12.0,174990.0
0,85,1,3,0,256.0,55000.0
12,85,2,10,2,128.0,48993.0
7,85,2,11,0,16.0,53999.0
16,85,2,21,0,96.0,40000.0
1,133,0,10,2,128.0,2900.0
17,85,0,4,2,4.0,39990.0
0,175,2,21,2,128.0,66498.0
12,85,2,6,0,8.0,35000.0
1,85,2,6,2,128.0,75000.0
15,135,0,24,2,12.0,56000.0
8,15,2,6,0,256.0,14990.0
6,9,0,10,2,12.0,5990.0
1,91,2,6,2,128.0,68500.0
16,112,2,6,0,6.0,48999.0
16,109,2,3,0,96.0,23500.0
8,16,2,9,2,8.0,14995.0
17,31,2,11,0,8.0,18500.0
1,95,2,21,2,128.0,84997.0
0,183,2,3,0,256.0,90000.0
10,85,2,4,2,256.0,58500.0
17,85,0,4,2,8.0,71490.0
4,77,2,3,0,8.0,55000.0
6,85,2,6,0,12.0,15000.0
12,46,2,0,0,128.0,26500.0
3,85,2,6,0,8.0,16000.0
13,153,2,10,2,128.0,24991.0
16,85,2,6,0,128.0,22000.0
0,201,2,3,0,256.0,42000.0
16,85,2,21,0,128.0,30000.0
12,60,2,0,0,128.0,13000.0
15,156,2,3,1,64.0,22000.0
2,85,0,4,2,4.0,34490.0
0,179,2,6,0,256.0,70000.0
6,85,2,6,0,12.0,4500.0
4,74,2,4,0,8.0,27000.0
13,85,2,4,2,4.0,19990.0
1,90,0,11,1,128.0,66900.0
11,136,1,4,2,96.0,13500.0
0,179,2,14,0,256.0,103000.0
0,183,2,24,0,256.0,160000.0
12,85,2,3,0,256.0,27500.0
8,23,2,24,0,8.0,19500.0
6,85,0,20,1,12.0,7500.0
4,85,0,4,2,4.0,29990.0
16,85,2,4,2,64.0,17999.0
0,197,2,10,0,256.0,14000.0
0,193,2,24,1,256.0,268000.0
6,85,2,13,0,12.0,50000.0
7,85,2,10,0,16.0,40000.0
17,85,1,6,2,4.0,22999.0
4,85,1,6,2,8.0,79990.0
0,183,2,21,2,256.0,135500.0
15,159,2,6,2,8.0,19990.0
1,91,2,10,0,256.0,64000.0
17,29,2,6,0,8.0,16000.0
1,99,2,18,2,128.0,94990.0
14,130,0,6,2,6.0,36990.0
10,85,2,3,0,10.0,24000.0
7,85,2,22,0,16.0,35000.0
12,46,2,14,0,128.0,24600.0
12,85,2,10,2,256.0,104999.0
12,46,2,18,0,128.0,22000.0
15,85,2,24,0,4.0,23000.0
6,11,0,10,2,12.0,7990.0
15,85,2,0,0,12.0,17000.0
12,85,2,3,0,128.0,15000.0
6,0,2,10,0,12.0,2900.0
13,148,2,21,2,128.0,31990.0
15,85,2,6,0,512.0,279000.0
15,173,2,10,0,6.0,10499.0
17,85,0,6,2,8.0,64500.0
16,85,2,10,0,96.0,20000.0
12,85,2,11,0,8.0,18500.0
0,185,2,10,1,256.0,127999.0
12,85,2,6,0,3.0,14500.0
15,85,2,10,0,12.0,5000.0
10,85,2,10,0,10.0,30000.0
4,125,2,6,0,8.0,22000.0
8,85,2,6,2,8.0,44990.0
4,71,2,10,0,8.0,65000.0
9,85,2,14,0,16.0,95000.0
17,85,2,10,0,8.0,20000.0
17,85,2,6,0,8.0,26000.0
0,200,2,11,0,256.0,32999.0
1,101,2,6,2,128.0,93000.0
16,122,2,0,0,96.0,40000.0
18,85,0,6,2,3.0,24990.0
15,85,2,21,0,256.0,64000.0
3,167,2,6,0,8.0,7000.0
3,79,2,21,0,8.0,11500.0
12,85,2,3,0,128.0,61500.0
16,85,2,4,2,6.0,21990.0
16,85,2,4,2,4.0,18000.0
13,148,2,21,2,128.0,32002.0
0,198,2,10,0,256.0,22000.0
12,59,2,6,0,128.0,4500.0
0,175,2,11,0,256.0,40000.0
13,155,2,21,2,64.0,26001.0
0,175,2,6,0,128.0,63000.0
12,85,2,11,0,128.0,6000.0
15,85,2,3,0,12.0,46000.0
1,85,2,4,2,6.0,41990.0
12,60,2,11,0,128.0,11500.0
17,85,0,6,2,8.0,49990.0
7,7,0,4,2,12.0,132900.0
7,85,0,4,2,12.0,169000.0
12,54,2,6,0,64.0,17500.0
1,100,0,10,2,128.0,74990.0
17,85,2,6,0,8.0,35000.0
12,61,2,21,0,128.0,12000.0
0,197,2,21,0,128.0,17500.0
12,85,2,11,2,128.0,63000.0
12,85,2,21,0,128.0,55000.0
17,85,2,4,0,4.0,16500.0
0,183,2,3,0,256.0,120000.0
12,50,2,3,0,128.0,15000.0
16,85,2,6,0,128.0,28500.0
0,85,1,0,0,256.0,21500.0
1,100,2,21,2,128.0,55999.0
15,171,2,6,0,128.0,10000.0
11,85,1,4,0,96.0,10590.0
15,85,2,3,0,256.0,61000.0
11,136,1,4,2,96.0,13500.0
7,6,2,11,1,16.0,179000.0
7,85,2,11,1,16.0,54900.0
2,85,0,0,2,12.0,47600.0
14,85,2,17,0,8.0,21500.0
4,85,0,4,2,256.0,73990.0
3,85,2,6,0,4.0,28500.0
16,85,2,4,2,96.0,41500.0
12,85,2,11,1,128.0,75000.0
15,158,2,4,2,12.0,11900.0
16,85,0,10,0,96.0,55000.0
0,190,2,24,1,256.0,239000.0
0,195,0,10,2,256.0,418500.0
8,85,2,10,0,3.0,7850.0
1,100,2,21,2,128.0,56000.0
0,190,2,24,0,256.0,275000.0
16,110,2,10,0,96.0,24000.0
8,26,2,11,0,8.0,55000.0
14,130,0,6,2,6.0,37250.0
1,103,2,10,0,128.0,130000.0
1,90,0,11,2,128.0,70000.0
17,31,2,22,0,8.0,15000.0
12,85,2,0,0,128.0,31500.0
4,70,2,5,0,8.0,22000.0
14,85,2,9,0,8.0,22000.0
1,95,2,21,2,128.0,84900.0
12,62,2,3,0,128.0,45000.0
12,65,0,18,2,256.0,114990.0
2,85,0,4,2,8.0,65900.0
12,85,2,3,0,128.0,5000.0
18,20,2,4,0,4.0,22000.0
14,85,2,18,0,8.0,30000.0
16,85,0,4,2,96.0,310900.0
18,85,2,10,0,4.0,1600.0
12,55,0,3,0,128.0,42500.0
14,129,0,6,2,6.0,31990.0
8,19,2,11,0,8.0,17000.0
6,0,2,6,0,12.0,2800.0
15,85,2,3,0,128.0,75000.0
7,85,0,4,2,12.0,171990.0
16,107,2,4,0,96.0,32000.0
12,85,0,10,2,256.0,167900.0
0,201,2,10,0,128.0,33500.0
16,85,0,11,0,96.0,27500.0
13,85,2,4,2,12.0,57990.0
0,205,2,3,0,256.0,60000.0
14,85,2,10,0,8.0,33500.0
1,101,2,6,0,128.0,70000.0
16,111,2,24,1,128.0,33500.0
16,85,2,6,2,4.0,22990.0
4,73,0,6,2,8.0,74990.0
0,186,2,12,2,128.0,160000.0
17,85,2,10,0,8.0,19000.0
3,85,2,10,0,128.0,22500.0
4,126,2,6,0,8.0,25000.0
8,85,2,11,0,6.0,20000.0
4,78,0,6,2,8.0,73500.0
6,0,2,4,0,12.0,2500.0
1,95,2,10,0,128.0,93000.0
1,101,2,10,0,128.0,98000.0
17,29,2,6,0,8.0,13500.0
12,85,2,10,2,256.0,68990.0
12,60,2,10,0,128.0,8000.0
1,133,0,10,2,128.0,2900.0
15,161,2,6,0,12.0,13500.0
16,85,2,4,2,96.0,41500.0
8,133,2,3,1,256.0,95000.0
15,85,2,10,1,256.0,43000.0
17,84,0,6,0,8.0,42000.0
16,85,0,10,2,256.0,50900.0
8,85,2,8,0,8.0,12000.0
1,85,2,11,1,8.0,59900.0
16,85,2,5,2,96.0,45500.0
12,66,2,6,0,128.0,145000.0
0,197,2,18,0,256.0,18000.0
4,70,2,13,0,8.0,33000.0
15,85,2,11,1,256.0,65900.0
7,85,2,0,0,256.0,89500.0
15,85,2,6,2,16.0,379900.0
9,85,0,4,2,96.0,107990.0
12,85,2,14,0,256.0,56000.0
4,70,2,6,0,8.0,53000.0
16,85,2,6,2,4.0,19990.0
0,85,2,0,0,256.0,115000.0
15,85,2,3,0,12.0,15000.0
8,85,2,4,0,8.0,17000.0
12,42,2,0,0,128.0,40000.0
13,85,2,6,2,128.0,105000.0
12,46,2,0,0,128.0,25000.0
16,85,2,10,0,96.0,40000.0
0,187,2,10,1,256.0,190000.0
14,85,2,21,0,8.0,40000.0
12,44,2,0,0,128.0,20000.0
4,74,2,13,0,8.0,33000.0
0,204,2,6,0,256.0,40000.0
16,85,2,24,0,96.0,27000.0
3,85,2,6,0,8.0,19000.0
0,198,2,3,0,256.0,24000.0
0,204,2,18,0,256.0,58500.0
6,85,2,4,0,12.0,25000.0
7,85,2,11,0,16.0,31000.0
0,182,2,21,2,128.0,99498.0
0,85,2,18,0,256.0,16000.0
12,85,2,21,0,128.0,25000.0
6,85,0,10,0,12.0,20000.0
2,85,2,10,0,12.0,70000.0
4,85,2,21,0,8.0,50000.0
13,148,2,4,0,128.0,42500.0
1,104,2,18,2,128.0,119990.0
16,85,2,13,0,512.0,130000.0
0,201,2,10,0,256.0,31000.0
15,85,2,6,0,12.0,15900.0
1,85,2,6,2,128.0,65000.0
14,85,0,6,2,128.0,23500.0
3,166,2,3,0,8.0,17000.0
16,85,2,6,0,4.0,16500.0
10,85,2,21,0,10.0,23000.0
16,85,2,0,0,96.0,58000.0
12,85,2,3,0,128.0,36500.0
16,85,2,3,0,96.0,35000.0
12,85,2,24,0,128.0,15000.0
0,189,2,6,2,256.0,215000.0
15,171,2,21,0,12.0,9500.0
6,85,0,6,2,12.0,5950.0
10,85,2,22,0,10.0,34000.0
12,85,2,3,0,128.0,13000.0
1,101,2,21,2,128.0,88000.0
2,85,0,4,2,6.0,46990.0
16,85,2,0,0,96.0,53500.0
10,85,0,6,0,10.0,27900.0
12,46,2,0,0,128.0,29000.0
12,85,2,21,0,128.0,59000.0
4,73,0,6,2,8.0,68000.0
13,155,2,10,0,128.0,16500.0
7,85,2,0,0,16.0,69500.0
16,85,2,11,0,256.0,49500.0
18,26,2,5,0,4.0,15000.0
7,85,0,4,2,16.0,113000.0
16,85,2,4,2,96.0,20500.0
1,85,2,10,2,128.0,89993.0
12,55,2,3,0,128.0,63000.0
13,153,2,10,2,128.0,24994.0
8,85,2,3,0,8.0,43000.0
8,85,0,4,2,6.0,50990.0
13,85,2,6,0,128.0,13500.0
14,38,2,6,2,8.0,52900.0
0,184,2,12,0,256.0,145000.0
14,85,2,9,0,8.0,21000.0
1,100,2,21,2,128.0,56000.0
2,85,0,4,2,6.0,46990.0
0,183,2,11,1,256.0,129990.0
15,85,2,3,0,128.0,19500.0
6,85,2,6,0,12.0,2600.0
18,85,2,10,0,32.0,9500.0
9,85,1,21,0,96.0,2500.0
12,54,2,0,0,128.0,34500.0
6,32,0,18,0,12.0,6000.0
16,85,2,11,0,64.0,16000.0
1,95,2,21,2,128.0,84999.0
15,158,2,4,2,12.0,13500.0
12,85,2,3,0,128.0,36000.0
16,122,2,0,0,96.0,45500.0
13,152,2,10,2,6.0,34998.0
16,85,1,6,2,96.0,9750.0
1,85,2,6,2,128.0,175500.0
6,85,0,4,2,12.0,4250.0
14,85,0,6,2,256.0,59990.0
3,85,2,6,2,2.0,9990.0
12,85,2,11,2,128.0,52000.0
12,45,2,10,0,128.0,33500.0
17,30,2,20,0,8.0,15000.0
18,85,2,10,0,4.0,23000.0
1,103,2,21,2,256.0,128000.0
0,182,2,11,0,256.0,90000.0
1,103,2,10,0,128.0,132000.0
9,85,1,10,0,96.0,3050.0
12,46,2,21,0,128.0,20000.0
7,7,0,4,2,12.0,131000.0
0,200,2,11,0,256.0,34000.0
16,118,2,11,0,96.0,16000.0
7,85,2,10,1,256.0,57500.0
0,189,2,11,1,512.0,220000.0
13,142,2,6,2,128.0,41000.0
16,107,2,0,0,96.0,30000.0
12,59,2,10,0,128.0,7500.0
17,85,0,6,2,2.0,18250.0
11,85,1,6,0,96.0,9000.0
0,182,2,6,1,128.0,98900.0
14,85,0,6,2,128.0,40000.0
1,85,2,10,0,128.0,135000.0
15,85,2,3,0,256.0,56000.0
0,203,2,21,2,256.0,49500.0
8,85,0,4,2,6.0,48990.0
4,126,0,6,2,128.0,28500.0
16,85,2,3,0,96.0,26000.0
17,85,0,6,2,8.0,60990.0
13,85,2,21,2,128.0,46000.0
0,182,2,0,0,256.0,93000.0
10,85,2,6,2,4.0,23990.0
7,2,2,22,0,16.0,56000.0
16,85,2,6,0,96.0,46500.0
13,85,2,10,2,128.0,39990.0
16,120,2,10,0,96.0,36000.0
15,85,2,24,1,256.0,80000.0
12,85,2,0,0,3.0,10500.0
3,80,2,6,2,8.0,34990.0
12,85,2,21,0,128.0,13500.0
3,85,2,13,0,8.0,15000.0
16,5,2,3,0,96.0,15000.0
13,141,2,13,0,128.0,19500.0
0,175,2,24,1,128.0,69999.0
16,85,2,4,2,256.0,41500.0
16,85,0,3,2,256.0,26600.0
3,85,2,6,2,2.0,11990.0
16,122,2,3,0,96.0,42000.0
0,182,2,24,0,256.0,98500.0
15,159,2,6,2,8.0,19990.0
6,85,0,4,2,8.0,57490.0
14,85,2,6,2,8.0,31990.0
0,182,0,24,1,128.0,155990.0
12,59,2,11,0,128.0,6900.0
17,85,0,4,2,4.0,28990.0
1,104,2,11,2,128.0,119990.0
8,85,2,10,0,4.0,8950.0
0,190,2,6,2,256.0,228000.0
12,85,2,0,0,6.0,40000.0
0,183,2,10,0,256.0,105500.0
15,85,2,6,2,12.0,9900.0
16,110,2,11,0,96.0,30000.0
12,85,2,10,2,128.0,89993.0
15,85,2,0,1,128.0,57500.0
16,120,2,11,0,96.0,45000.0
15,171,2,16,0,12.0,16000.0
16,85,1,4,2,96.0,5000.0
15,159,2,6,2,8.0,19990.0
1,86,2,0,0,128.0,24500.0
0,85,2,0,0,256.0,69000.0
4,85,0,4,2,4.0,25990.0
15,160,2,4,2,8.0,11990.0
1,85,2,6,2,128.0,65000.0
0,186,2,6,0,256.0,165000.0
1,85,2,6,2,16.0,215900.0
16,117,2,18,0,96.0,18000.0
1,95,2,10,0,128.0,69000.0
16,85,0,10,1,96.0,66500.0
0,179,2,11,0,256.0,70000.0
12,85,1,24,0,128.0,1500.0
12,85,2,10,2,256.0,124990.0
15,85,2,0,0,8.0,65000.0
0,197,2,21,0,256.0,23500.0
12,85,2,10,0,128.0,110000.0
0,179,2,18,0,256.0,100000.0
14,85,2,6,0,8.0,25900.0
10,85,2,22,1,10.0,53000.0
12,64,2,3,0,128.0,45000.0
1,105,2,11,1,128.0,132000.0
13,154,2,11,2,64.0,24000.0
0,180,2,11,0,256.0,55000.0
0,182,2,11,2,256.0,93500.0
0,190,2,3,0,256.0,250000.0
9,85,2,24,0,96.0,12000.0
16,85,2,6,2,8.0,33990.0
16,85,2,0,0,96.0,27000.0
12,85,1,21,0,128.0,1150.0
2,85,0,4,2,12.0,127900.0
16,112,0,3,0,96.0,49500.0
1,93,2,6,0,128.0,75500.0
11,85,1,4,2,96.0,9490.0
14,85,2,6,2,8.0,57990.0
4,85,2,10,0,8.0,55000.0
0,191,2,3,0,256.0,178000.0
16,85,0,10,0,96.0,30000.0
4,85,0,4,2,4.0,35490.0
17,85,0,5,2,256.0,39990.0
16,85,2,6,0,96.0,23000.0
15,85,2,3,0,12.0,60000.0
8,13,2,10,0,8.0,16500.0
16,124,2,12,0,96.0,60000.0
8,85,2,10,0,8.0,66000.0
3,82,2,6,2,6.0,15990.0
4,85,0,4,2,8.0,46490.0
10,85,2,3,0,10.0,23000.0
1,103,2,21,2,256.0,128999.0
12,85,2,21,0,128.0,65000.0
0,176,2,11,2,256.0,84500.0
12,47,2,3,0,128.0,36500.0
17,85,1,6,2,2.0,18200.0
4,77,0,10,1,8.0,77990.0
14,40,0,4,2,256.0,73490.0
1,85,0,4,2,12.0,125990.0
13,146,2,6,2,256.0,105000.0
6,85,0,0,0,12.0,11500.0
15,85,2,9,2,8.0,13995.0
4,126,2,16,0,8.0,23000.0
14,85,2,6,2,8.0,52900.0
4,74,0,10,0,8.0,43999.0
6,11,0,10,2,12.0,7993.0
4,75,2,21,0,12.0,30000.0
12,85,2,10,2,128.0,88998.0
15,171,2,6,0,12.0,11500.0
16,85,2,0,0,96.0,44000.0
0,85,1,3,0,256.0,48500.0
12,85,2,11,2,256.0,104994.0
13,155,2,10,0,128.0,25000.0
0,176,2,18,0,256.0,78000.0
0,185,0,6,2,128.0,169999.0
8,85,2,3,0,8.0,27000.0
3,85,2,9,0,8.0,38500.0
0,176,2,12,0,256.0,48500.0
7,6,2,6,2,16.0,179900.0
12,57,2,10,0,128.0,21500.0
15,85,2,6,0,12.0,35000.0
16,113,2,10,0,96.0,35000.0
15,85,2,3,0,12.0,80000.0
17,85,2,4,0,8.0,45000.0
12,69,2,21,0,64.0,22000.0
1,85,0,10,1,256.0,130000.0
0,202,2,10,2,64.0,47900.0
13,85,2,6,2,64.0,36000.0
17,85,0,6,2,256.0,49990.0
